Wins,Bat_H,Bat_2B,Bat_3B,Bat_HR,Bat_BB,Bat_SO,Base_SB,Base_CS,Pitch_H,Pitch_HR,Pitch_BB,Pitch_SO,Field_E,Field_DP,winsor_Field_E_trans,winsor_Pitch_H_trans,Ratio_Bat_H_Pitch_H,Ratio_Bat_HR_Pitch_HR,Ratio_Bat_BB_Pitch_BB,Ratio_Bat_SO_Pitch_SO
70,1339,219,22,190,685,1075,37,28,1347,191,689,1082,193,155,0.9063080304024669,0.4999997244281747,0.994060876020787,0.9947643979057592,0.9941944847605225,0.9935304990757856
85,1273,171,37,115,456,1027,40,36,1281,116,459,1033,112,136,0.9040272146641541,0.4999996953004977,0.9937548790007806,0.9913793103448276,0.9934640522875817,0.9941916747337851
78,1305,179,27,82,374,888,60,39,1364,86,391,928,119,141,0.9043538843030066,0.4999997312544612,0.9567448680351907,0.9534883720930233,0.9565217391304348,0.9568965517241379
76,1265,210,23,63,534,812,126,80,1265,63,534,812,150,139,0.9054188730944335,0.49999968754393914,1,1,1,1
87,1417,226,28,108,539,682,86,69,1417,108,539,682,136,136,0.9050009918928839,0.4999997509822505,1,1,1,1
93,1518,268,26,186,613,760,55,53,1518,186,613,760,106,171,0.9037110504674845,0.4999997830166244,1,1,1,1
81,1363,211,30,150,556,928,80,51,1363,150,556,928,128,170,0.9047189473957922,0.49999973085997235,1,1,1,1
91,1422,208,37,145,429,1011,89,40,1422,145,429,1011,96,173,0.9030914933464501,0.49999975273035147,1,1,1,1
80,1448,237,27,147,566,1000,69,43,1448,147,566,1000,140,186,0.9051293469230596,0.4999997615304783,1,1,1,1
72,1306,202,20,88,416,882,160,101,1306,88,416,882,134,172,0.9049337941110167,0.4999997068542174,1,1,1,1
95,1520,278,30,147,447,848,161,57,1520,147,447,848,87,139,0.9024053745496146,0.4999997835872576,1,1,1,1
85,1466,282,44,179,535,975,97,44,1466,179,535,975,107,138,0.9037663315081383,0.49999976735053203,1,1,1,1
51,1401,295,38,135,441,1022,53,32,1401,135,441,1022,139,144,0.9050979851781847,0.4999997452620006,1,1,1,1
77,1502,258,79,39,203,426,430,168,2897,75,392,822,710,104,0.908426824915842,0.4999999404237705,0.5184673800483258,0.52,0.5178571428571429,0.5182481751824818
88,1693,244,70,67,618,292,246,146,2094,83,764,361,450,131,0.907994245185615,0.49999988597064976,0.8085004775549188,0.8072289156626506,0.8089005235602095,0.8088642659279779
86,1393,168,46,17,471,569,223,146,1647,20,557,673,279,106,0.9072354871359474,0.4999998156756097,0.8457802064359441,0.85,0.8456014362657092,0.8454680534918276
48,1187,131,46,16,424,605,143,146,1257,17,449,682,360,107,0.9076891461827492,0.4999996835541176,0.9443118536197295,0.9411764705882353,0.9443207126948775,0.8870967741935484
47,1520,267,58,40,594,619,181,98,1631,43,637,664,372,118,0.9077388051426432,0.4999998120414516,0.9319435928877989,0.9302325581395349,0.9324960753532182,0.9322289156626506
69,1325,140,77,17,457,572,108,47,1731,22,597,747,240,116,0.9069012578432527,0.49999983313092117,0.7654534950895436,0.7727272727272727,0.7654941373534339,0.7657295850066934
57,1531,224,61,34,451,425,60,84,1611,36,474,447,242,165,0.9069211555176246,0.4999998073456039,0.9503414028553694,0.9444444444444444,0.9514767932489452,0.9507829977628636
63,1576,227,64,39,364,382,105,76,1658,41,383,402,243,137,0.9069309754239071,0.4999998181132965,0.9505428226779252,0.9512195121951219,0.9503916449086162,0.9502487562189055
81,1536,276,56,66,365,522,38,41,1616,69,384,549,160,153,0.9056705214073335,0.49999980853592785,0.9504950495049505,0.9565217391304348,0.9505208333333334,0.9508196721311475
84,1566,250,47,89,402,472,32,59,1680,95,431,506,181,129,0.9061044203452289,0.49999982284580496,0.9321428571428572,0.9368421052631579,0.9327146171693735,0.932806324110672
75,1525,218,47,70,455,612,24,37,1604,74,479,644,199,184,0.9064001864642577,0.4999998056604126,0.9507481296758105,0.9459459459459459,0.9498956158663883,0.9503105590062112
80,1457,246,39,137,594,649,84,36,1533,144,625,683,153,165,0.9054979957619532,0.4999997872421002,0.9504240052185258,0.9513888888888888,0.9504,0.9502196193265008
89,1481,224,37,184,507,794,43,15,1538,191,527,825,128,143,0.9047189473957922,0.49999978862319294,0.9629388816644994,0.9633507853403142,0.9620493358633776,0.9624242424242424
87,1436,209,36,198,562,926,74,45,1511,208,591,974,117,160,0.9042647362991719,0.49999978100153253,0.9503639973527466,0.9519230769230769,0.9509306260575296,0.9507186858316222
86,1419,243,28,196,408,976,64,37,1419,196,408,976,140,145,0.9051293469230596,0.49999975168370864,1,1,1,1
77,1307,191,29,158,512,947,55,45,1307,158,512,947,138,148,0.9050661460170323,0.49999970730262394,1,1,1,1
81,1399,179,31,80,414,782,83,44,1399,80,414,782,125,139,0.9046033900893089,0.49999974453313684,1,1,1,1
70,1309,170,30,82,589,811,74,61,1309,82,589,811,167,151,0.9058278931416256,0.49999970819635586,1,1,1,1
76,1354,226,34,98,491,825,150,60,2069,150,750,1261,156,142,0.9055739261915361,0.4999998831983379,0.6544224262928952,0.6533333333333333,0.6546666666666666,0.6542426645519429
89,1411,215,22,146,554,869,151,77,1411,146,554,869,137,186,0.9050338186328274,0.49999974885994974,1,1,1,1
55,1335,231,28,97,437,859,96,70,1352,98,442,870,153,140,0.9054979957619532,0.4999997264626589,0.9874260355029586,0.9897959183673469,0.9886877828054299,0.9873563218390805
94,1407,255,30,141,563,906,165,76,1407,141,563,906,138,122,0.9050661460170323,0.4999997474299737,1,1,1,1
97,1465,281,26,195,536,949,68,44,2082,277,762,1349,115,121,0.9041723296466183,0.4999998846524023,0.7036503362151777,0.703971119133574,0.7034120734908137,0.7034840622683469
88,1432,263,24,174,493,1039,85,46,1432,174,493,1039,103,133,0.9035384372123693,0.4999997561717799,1,1,1,1
96,1503,304,37,178,587,1158,86,32,1503,178,587,1158,116,171,0.9042189511918559,0.4999997786640071,1,1,1,1
66,1320,175,68,20,497,805,212,168,1389,21,523,847,353,151,0.9076585393465888,0.49999974084146703,0.9503239740820735,0.9523809523809523,0.9502868068833652,0.9504132231404959
79,1645,284,66,71,496,372,91,91,1753,76,529,396,188,150,0.9062265089880364,0.49999983729302455,0.9383913291500285,0.9342105263157895,0.9376181474480151,0.9393939393939394
66,1580,288,73,70,533,555,73,65,1662,74,561,584,197,164,0.9063701225782752,0.49999981898775053,0.950661853188929,0.9459459459459459,0.9500891265597148,0.9503424657534246
45,1528,255,53,96,588,637,50,40,1607,101,619,670,209,151,0.9065414596712038,0.49999980638533426,0.9508400746733043,0.9504950495049505,0.9499192245557351,0.9507462686567164
77,1352,244,38,83,606,689,39,46,1441,88,646,734,162,135,0.9057169423371344,0.4999997592080062,0.9382373351839001,0.9431818181818182,0.9380804953560371,0.9386920980926431
94,1397,235,47,76,559,635,46,35,1470,80,588,668,180,149,0.9060861645194422,0.49999976861492895,0.9503401360544218,0.95,0.9506802721088435,0.9505988023952096
87,1397,231,40,68,536,595,27,33,1499,73,575,638,153,132,0.9054979957619532,0.4999997774811849,0.9319546364242829,0.9315068493150684,0.9321739130434783,0.932601880877743
57,1377,205,52,55,492,667,32,33,1449,58,518,702,155,160,0.9055489589222269,0.4999997618595152,0.9503105590062112,0.9482758620689655,0.9498069498069498,0.9501424501424501
94,1375,217,35,129,627,843,39,25,1446,136,660,887,113,181,0.9040764853957337,0.49999976087035536,0.9508990318118948,0.9485294117647058,0.95,0.9503945885005637
86,1359,207,32,146,469,940,97,34,1359,146,469,940,99,157,0.9032911680755579,0.49999972927329916,1,1,1,1
84,1213,203,31,105,533,984,82,43,1276,110,561,1035,105,158,0.9036546632818494,0.49999969290789203,0.950626959247649,0.9545454545454546,0.9500891265597148,0.9507246376811594
98,1442,232,25,149,563,951,91,51,1451,150,566,957,107,190,0.9037663315081383,0.4999997625155493,0.9937973811164714,0.9933333333333333,0.9946996466431095,0.9937304075235109
104,1427,263,24,184,619,863,101,50,1454,187,631,879,127,164,0.9046810651376977,0.4999997634945292,0.9814305364511692,0.983957219251337,0.9809825673534073,0.981797497155859
94,1478,259,27,179,634,796,49,38,1478,179,634,796,101,140,0.9034173732376599,0.4999997711129951,1,1,1,1
67,1437,219,20,211,524,939,69,45,1437,211,524,939,109,174,0.903873700904011,0.49999975786561446,1,1,1,1
85,1470,287,24,157,655,930,73,54,1470,157,655,930,100,171,0.9033549332319981,0.49999976861492895,1,1,1,1
91,1514,268,29,201,634,947,100,19,2190,291,917,1370,82,149,0.9019556117246094,0.4999998957486291,0.691324200913242,0.6907216494845361,0.6913849509269356,0.6912408759124088
88,1557,299,29,257,645,915,76,40,1557,257,645,915,97,173,0.9031594927796015,0.4999997937505595,1,1,1,1
63,1367,264,24,137,517,995,134,53,1375,138,520,1001,126,138,0.9046425512590116,0.49999973553719007,0.9941818181818182,0.9927536231884058,0.9942307692307693,0.994005994005994
67,1353,311,27,165,452,993,110,48,1353,165,452,993,91,173,0.9027279111413306,0.4999997268668514,1,1,1,1
79,1344,206,72,43,448,626,196,150,1432,46,477,667,247,119,0.9069694206674218,0.4999997561717799,0.9385474860335196,0.9347826086956522,0.939203354297694,0.9385307346326837
47,1468,211,83,8,273,559,494,76,2477,14,461,943,1053,104,0.9086604458148908,0.4999999185074343,0.5926524020993137,0.5714285714285714,0.5921908893709328,0.5927889713679746
59,1169,153,63,10,469,746,333,76,1446,12,580,923,648,104,0.9083566069263989,0.49999976087035536,0.8084370677731674,0.8333333333333334,0.8086206896551724,0.8082340195016251
67,1263,192,83,22,352,566,385,76,1493,26,416,669,545,79,0.9082025855681872,0.4999997756890943,0.8459477561955794,0.8461538461538461,0.8461538461538461,0.8460388639760837
71,1325,162,76,10,596,724,481,18,6313,48,2840,3450,519,104,0.9081535128206392,0.4999999874541981,0.20988436559480436,0.20833333333333334,0.20985915492957746,0.2098550724637681
51,1479,176,122,33,550,529,250,168,1630,36,606,583,644,101,0.9083515883999176,0.4999998118107569,0.907361963190184,0.9166666666666666,0.9075907590759076,0.9073756432246999
75,1596,204,107,34,669,403,290,76,1989,42,834,502,479,119,0.908067054575195,0.4999998736135725,0.8024132730015083,0.8095238095238095,0.802158273381295,0.8027888446215139
112,1974,303,82,24,545,319,500,193,2460,30,679,398,345,96,0.9076219614697386,0.49999991737722255,0.802439024390244,0.8,0.8026509572901326,0.8015075376884422
104,1722,167,84,13,564,344,272,76,1872,14,613,374,354,127,0.9076629895838391,0.49999985732157204,0.9198717948717948,0.9285714285714286,0.9200652528548124,0.9197860962566845
107,1568,261,133,56,308,659,166,150,1841,66,362,774,276,101,0.9072132907253859,0.49999985247608564,0.8517110266159695,0.8484848484848485,0.850828729281768,0.851421188630491
64,1331,167,52,20,332,649,136,158,1447,22,361,800,292,112,0.9073261469504651,0.499999761200759,0.9198341395991707,0.9090909090909091,0.9196675900277008,0.81125
112,1496,287,90,31,602,565,197,76,1594,33,642,896,284,94,0.9072713878042168,0.4999998032143751,0.9385194479297365,0.9393939393939394,0.9376947040498442,0.6305803571428571
96,1273,204,69,19,522,417,141,56,1637,24,671,536,195,114,0.9063394108319476,0.4999998134167535,0.7776420281001832,0.7916666666666666,0.7779433681073026,0.7779850746268657
78,1405,214,58,39,557,486,128,58,1661,46,659,575,169,140,0.9058703450481898,0.49999981876972915,0.8458759783263095,0.8478260869565217,0.8452200303490136,0.8452173913043478
60,1436,275,66,40,412,542,105,68,1520,42,436,574,182,147,0.9061224655848902,0.4999997835872576,0.9447368421052632,0.9523809523809523,0.944954128440367,0.9442508710801394
45,1400,266,60,56,493,567,48,48,1473,59,519,596,243,174,0.9069309754239071,0.49999976955647457,0.9504412763068567,0.9491525423728814,0.9499036608863198,0.9513422818791947
81,1561,306,75,54,650,570,124,50,1664,58,693,608,201,150,0.906429622463641,0.4999998194226146,0.9381009615384616,0.9310344827586207,0.937950937950938,0.9375
86,1647,317,84,153,621,628,58,52,1733,161,653,661,182,164,0.9061224655848902,0.4999998335158555,0.9503750721292556,0.9503105590062112,0.9509954058192955,0.9500756429652042
101,1578,286,38,138,878,536,45,26,1660,145,924,564,126,218,0.9046425512590116,0.4999998185513137,0.9506024096385542,0.9517241379310345,0.9502164502164502,0.950354609929078
92,1502,245,34,134,795,625,21,22,1580,141,836,657,145,194,0.9052793512697525,0.4999997997115847,0.950632911392405,0.950354609929078,0.9509569377990431,0.9512937595129376
89,1466,270,39,107,525,636,35,48,1552,113,556,673,156,183,0.9055739261915361,0.499999792419492,0.9445876288659794,0.9469026548672567,0.9442446043165468,0.9450222882615156
79,1404,261,29,131,659,852,72,26,1477,138,693,896,137,176,0.9050338186328274,0.49999977080295516,0.950575490859851,0.9492753623188406,0.950937950937951,0.9508928571428571
72,1318,228,44,145,542,1020,35,24,1318,145,542,1020,153,153,0.9054979957619532,0.49999971216792816,1,1,1,1
89,1472,235,30,147,581,799,114,45,1472,147,581,799,127,162,0.9046810651376977,0.4999997692432656,1,1,1,1
81,1615,292,31,162,562,816,66,27,1615,162,562,816,145,161,0.9052793512697525,0.49999980829874724,1,1,1,1
88,1502,298,31,106,598,795,53,52,1502,106,598,795,123,154,0.9045230605819398,0.4999997783691873,1,1,1,1
73,1343,259,21,84,591,865,44,48,1343,84,591,865,139,170,0.9050979851781847,0.49999972278420024,1,1,1,1
80,1451,319,29,114,508,871,73,38,1451,114,508,871,122,155,0.9044818582246311,0.4999997625155493,1,1,1,1
93,1560,348,33,177,545,944,80,28,1560,177,545,944,104,140,0.9035971369638471,0.49999979454306376,1,1,1,1
86,1379,250,48,28,190,1170,433,76,2050,42,282,1739,941,83,0.9086037635528198,0.4999998810232005,0.6726829268292683,0.6666666666666666,0.6737588652482269,0.6728004600345026
75,1437,218,80,38,504,697,265,78,1532,41,537,743,304,110,0.9074026217157498,0.49999978696425773,0.9379895561357703,0.926829268292683,0.9385474860335196,0.9380888290713324
88,1556,306,98,23,211,527,341,193,3037,45,412,1029,796,94,0.9085053065663328,0.4999999457898735,0.5123477115574581,0.5111111111111111,0.5121359223300971,0.5121477162293488
93,1604,238,101,57,314,668,270,193,2341,83,458,975,676,104,0.9083899931305289,0.49999990876380246,0.6851772746689448,0.6867469879518072,0.6855895196506551,0.6851282051282052
53,1426,169,132,25,224,685,212,117,2382,42,374,1144,894,94,0.9085755190239883,0.4999999118775648,0.5986565910999161,0.5952380952380952,0.5989304812834224,0.5987762237762237
53,1316,229,57,8,73,423,140,134,2600,16,144,836,800,83,0.9085085265738038,0.499999926035503,0.5061538461538462,0.5,0.5069444444444444,0.5059808612440191
56,1832,196,223,39,145,140,101,98,10234,218,810,782,1246,218,0.9087331938301668,0.49999999522603555,0.17901113933945673,0.17889908256880735,0.17901234567901234,0.17902813299232737
129,1689,316,75,8,201,419,494,117,3257,15,388,808,635,79,0.908340053849018,0.4999999528659794,0.5185753761129874,0.5333333333333333,0.5180412371134021,0.5185643564356436
106,1720,403,104,29,274,505,494,168,3317,56,528,974,725,104,0.9084419228228797,0.49999995455573737,0.5185408501658125,0.5178571428571429,0.5189393939393939,0.5184804928131417
98,1653,458,101,21,213,660,367,78,2733,35,352,1091,898,83,0.9085780437573499,0.49999993305922424,0.6048298572996706,0.6,0.6051136363636364,0.6049495875343721
72,1664,232,119,47,528,389,324,168,2042,58,648,477,484,135,0.9080786832572194,0.49999988008913693,0.8148873653281097,0.8103448275862069,0.8148148148148148,0.8155136268343816
82,1563,189,90,30,444,374,270,168,1711,33,486,409,468,125,0.9080405522303062,0.4999998292070322,0.9135008766803039,0.9090909090909091,0.9135802469135802,0.9144254278728606
114,1305,173,51,14,464,805,250,193,1391,15,495,760,225,117,0.9067401585488779,0.49999974158617505,0.9381739755571531,0.9333333333333333,0.9373737373737374,1.0592105263157894
97,1404,229,106,57,615,649,225,117,1477,60,647,683,274,120,0.9071982094673894,0.49999977080295516,0.950575490859851,0.95,0.9505409582689336,0.9502196193265008
98,1510,265,97,46,605,664,177,134,1631,50,653,717,269,135,0.9071594753817649,0.4999998120414516,0.9258123850398529,0.92,0.9264931087289433,0.9260808926080892
87,1358,192,67,24,345,415,174,150,1571,28,399,480,215,101,0.9066196117098342,0.4999997974101727,0.864417568427753,0.8571428571428571,0.8646616541353384,0.8645833333333334
87,1595,256,55,95,479,510,190,150,1678,100,504,536,219,151,0.906669217752115,0.49999982242325486,0.9505363528009535,0.95,0.9503968253968254,0.9514925373134329
86,1502,219,62,70,497,552,145,158,1590,74,526,584,231,162,0.9068072349355135,0.4999998022230133,0.9446540880503145,0.9459459459459459,0.9448669201520913,0.9452054794520548
95,1529,258,75,69,556,507,52,48,1630,74,593,540,144,161,0.9052502251143105,0.4999998118107569,0.938036809815951,0.9324324324324325,0.9376053962900506,0.9388888888888889
88,1480,277,65,96,550,582,64,40,1557,101,579,612,196,133,0.9063548489686623,0.4999997937505595,0.9505459216441875,0.9504950495049505,0.9499136442141624,0.9509803921568627
72,1431,236,43,79,535,639,66,48,1505,83,563,672,178,178,0.9060490064332924,0.49999977925188466,0.9508305647840531,0.9518072289156626,0.9502664298401421,0.9508928571428571
103,1541,241,55,60,583,486,73,36,1621,63,613,511,125,130,0.9046033900893089,0.4999998097152541,0.9506477483035164,0.9523809523809523,0.9510603588907015,0.9510763209393346
73,1444,243,50,75,495,608,23,48,1519,79,521,640,158,167,0.9056228657270091,0.4999997833022228,0.9506254114549045,0.9493670886075949,0.9500959692898272,0.95
67,1475,237,46,92,466,608,41,42,1552,97,490,640,181,160,0.9061044203452289,0.499999792419492,0.9503865979381443,0.9484536082474226,0.9510204081632653,0.95
68,1374,237,50,170,507,812,49,42,1455,180,537,860,210,179,0.9065548107459308,0.4999997638195109,0.9443298969072165,0.9444444444444444,0.9441340782122905,0.9441860465116279
63,1348,212,53,149,469,816,58,40,1418,157,493,858,150,148,0.9054188730944335,0.49999975133335056,0.9506346967559943,0.9490445859872612,0.9513184584178499,0.951048951048951
65,1380,235,33,155,485,1040,29,26,1452,163,510,1094,144,147,0.9052502251143105,0.4999997628425502,0.9504132231404959,0.950920245398773,0.9509803921568627,0.9506398537477148
92,1400,215,40,142,559,928,30,32,1400,142,559,928,136,149,0.9050009918928839,0.4999997448979592,1,1,1,1
81,1489,271,37,111,534,796,64,45,1489,111,534,796,153,147,0.9054979957619532,0.49999977448231286,1,1,1,1
79,1461,224,48,72,562,746,110,58,1461,72,562,746,144,154,0.9052502251143105,0.49999976575540833,1,1,1,1
70,1455,271,37,156,522,1075,99,76,2086,224,748,1541,116,158,0.9042189511918559,0.49999988509434673,0.6975071907957814,0.6964285714285714,0.6978609625668449,0.6975989617131733
76,1388,267,19,175,523,1090,108,50,1388,175,523,1090,104,147,0.9035971369638471,0.49999974046790524,1,1,1,1
65,1426,272,23,183,632,1120,93,37,1426,183,632,1120,100,139,0.9033549332319981,0.49999975411561287,1,1,1,1
88,1409,268,32,194,577,1077,67,36,1409,194,577,1077,109,113,0.903873700904011,0.49999974814648407,1,1,1,1
89,1550,236,112,37,582,485,326,76,1833,44,688,574,582,79,0.9082645058118713,0.49999985118556,0.845608292416803,0.8409090909090909,0.8459302325581395,0.8449477351916377
83,1214,167,70,26,424,586,166,98,1294,28,452,625,272,111,0.9071828952517034,0.49999970139199107,0.9381761978361669,0.9285714285714286,0.9380530973451328,0.9376
98,1335,171,107,26,613,605,245,193,1404,27,645,636,234,100,0.906839419872135,0.4999997463494614,0.9508547008547008,0.9629629629629629,0.9503875968992248,0.9512578616352201
79,1556,279,45,79,618,432,49,30,1658,84,659,460,155,142,0.9055489589222269,0.4999998181132965,0.9384800965018094,0.9404761904761905,0.9377845220030349,0.9391304347826087
86,1364,203,48,35,590,611,182,92,1435,37,621,643,175,176,0.9059915959240611,0.49999975719020506,0.9505226480836237,0.9459459459459459,0.9500805152979066,0.9502332814930016
63,1439,181,49,98,580,595,20,23,1514,103,610,626,142,190,0.9051906798317156,0.4999997818685662,0.9504623513870541,0.9514563106796117,0.9508196721311475,0.950479233226837
85,1406,209,40,84,569,548,64,40,1479,88,599,576,129,166,0.9047562132058619,0.49999977142240637,0.9506423258958756,0.9545454545454546,0.9499165275459098,0.9513888888888888
99,1394,231,48,102,610,667,119,56,1466,107,642,702,137,148,0.9050338186328274,0.49999976735053203,0.9508867667121419,0.9532710280373832,0.9501557632398754,0.9501424501424501
94,1379,208,40,114,571,896,64,28,1379,114,571,896,130,163,0.9047928772621397,0.4999997370691944,1,1,1,1
92,1271,179,29,114,538,1042,105,55,1337,120,566,1096,142,143,0.9051906798317156,0.4999997202905175,0.9506357516828721,0.95,0.950530035335689,0.9507299270072993
64,1419,210,46,73,474,744,121,53,1428,73,477,749,131,156,0.9048289537991392,0.4999997548038823,0.9936974789915967,1,0.9937106918238994,0.9933244325767691
87,1523,266,52,136,533,866,136,58,1523,136,533,866,154,173,0.9055236510799471,0.499999784438996,1,1,1,1
74,1360,225,38,172,523,883,109,49,1360,172,523,883,122,160,0.9044818582246311,0.49999972967128026,1,1,1,1
72,1335,197,34,121,487,940,115,54,1335,121,487,940,117,142,0.9042647362991719,0.4999997194518088,1,1,1,1
75,1573,300,37,163,502,815,111,50,1583,164,505,820,137,149,0.9050338186328274,0.49999980047001286,0.9936828806064435,0.9939024390243902,0.994059405940594,0.9939024390243902
86,1445,303,19,220,519,916,77,29,1445,220,519,916,93,154,0.9028782707662768,0.4999997605392656,1,1,1,1
70,1298,133,95,16,394,486,167,168,1374,17,417,485,240,125,0.9069012578432527,0.49999973515209684,0.9446870451237264,0.9411764705882353,0.9448441247002398,1.002061855670103
77,1166,136,81,15,391,786,206,193,1227,16,411,1020,268,76,0.9071515463779833,0.4999996678908211,0.9502852485737572,0.9375,0.9513381995133819,0.7705882352941177
68,1418,180,102,29,485,613,239,117,1501,31,514,649,266,110,0.9071355005195342,0.49999977807377805,0.9447035309793471,0.9354838709677419,0.943579766536965,0.9445300462249615
96,1584,249,100,47,462,386,101,110,1666,49,486,406,212,151,0.9065811162981795,0.4999998198559136,0.9507803121248499,0.9591836734693877,0.9506172839506173,0.9507389162561576
65,1497,278,37,90,451,588,33,22,1575,95,474,619,143,158,0.90522067108304,0.49999979843789366,0.9504761904761905,0.9473684210526315,0.9514767932489452,0.9499192245557351
86,1333,225,44,122,474,960,92,58,1333,122,474,960,135,127,0.9049676543262872,0.49999971860932224,1,1,1,1
92,1383,220,38,130,457,974,90,36,1383,130,457,974,130,137,0.9047928772621397,0.4999997385879252,1,1,1,1
89,1544,268,61,183,538,1003,82,40,1544,183,538,1003,117,142,0.9042647362991719,0.49999979026282587,1,1,1,1
102,1498,253,45,191,547,984,115,52,1498,191,547,984,151,173,0.9054456141502872,0.4999997771839979,1,1,1,1
99,1458,285,36,96,563,830,87,56,2187,144,845,1245,120,149,0.9043972888920141,0.49999989546242096,0.6666666666666666,0.6666666666666666,0.6662721893491125,0.6666666666666666
61,1375,228,34,82,470,817,131,69,1375,82,470,817,128,158,0.9047189473957922,0.49999973553719007,1,1,1,1
90,1394,251,34,115,580,861,160,70,1403,116,584,866,122,143,0.9044818582246311,0.4999997459877495,0.9935851746258019,0.9913793103448276,0.9931506849315068,0.9942263279445728
73,1457,261,28,137,485,1025,142,59,1457,137,485,1025,120,133,0.9043972888920141,0.499999764467468,1,1,1,1
77,1441,298,28,138,608,1107,95,42,1441,138,608,1107,122,142,0.9044818582246311,0.4999997592080062,1,1,1,1
95,1527,310,37,208,566,1118,163,54,1518,207,563,1111,104,136,0.9035971369638471,0.4999997830166244,1.0059288537549407,1.0048309178743962,1.0053285968028418,1.0063006300630064
66,1464,304,22,176,468,1172,103,54,1464,176,468,1172,138,136,0.9050661460170323,0.49999976671444357,1,1,1,1
69,1349,239,21,182,524,1326,80,34,1349,182,524,1326,141,152,0.905160241744304,0.49999972524468334,1,1,1,1
76,1380,287,28,194,599,1335,77,25,1380,194,599,1335,113,123,0.9040764853957337,0.4999997374501155,1,1,1,1
70,1358,170,94,45,693,624,266,70,2200,73,1123,1011,630,86,0.9083334961685186,0.49999989669421485,0.6172727272727273,0.6164383561643836,0.6170970614425646,0.6172106824925816
92,1438,241,97,29,329,766,191,150,1543,31,353,822,274,92,0.9071982094673894,0.4999997899908814,0.931950745301361,0.9354838709677419,0.9320113314447592,0.9318734793187348
94,1605,254,77,13,349,363,215,168,1699,14,370,601,230,118,0.9067963106443999,0.499999826785898,0.9446733372572101,0.9285714285714286,0.9432432432432433,0.6039933444259568
93,1288,229,67,14,578,627,221,168,1355,15,608,660,255,143,0.907042516877073,0.49999972767255346,0.9505535055350554,0.9333333333333333,0.9506578947368421,0.95
87,1688,319,79,62,670,407,84,82,1787,66,709,431,240,151,0.9069012578432527,0.4999998434255484,0.9445998880805819,0.9393939393939394,0.9449929478138223,0.9443155452436195
74,1697,300,61,55,547,399,95,81,1785,58,575,420,223,154,0.9067169569161191,0.4999998430744847,0.9507002801120448,0.9482758620689655,0.951304347826087,0.95
87,1577,320,80,108,600,580,82,54,1659,114,631,610,165,161,0.9057843599898309,0.4999998183325031,0.9505726341169379,0.9473684210526315,0.9508716323296355,0.9508196721311475
94,1496,302,64,106,546,628,56,38,1574,112,574,661,156,173,0.9055739261915361,0.4999997981816978,0.9504447268106735,0.9464285714285714,0.9512195121951219,0.9500756429652042
98,1416,219,37,147,637,665,55,37,1490,155,670,700,141,159,0.905160241744304,0.4999997747849196,0.9503355704697987,0.9483870967741935,0.9507462686567164,0.95
97,1500,211,31,168,641,718,35,31,1578,177,674,755,133,207,0.9048993990604778,0.499999799203561,0.9505703422053232,0.9491525423728814,0.9510385756676558,0.9509933774834437
80,1381,211,28,148,626,832,42,50,1462,157,663,881,156,163,0.9055739261915361,0.4999997660757428,0.9445964432284542,0.9426751592356688,0.9441930618401206,0.9443813847900113
82,1419,222,33,170,523,867,53,52,1502,180,554,918,161,181,0.9056938832446803,0.4999997783691873,0.9447403462050599,0.9444444444444444,0.944043321299639,0.9444444444444444
76,1358,197,23,183,503,909,25,36,1358,183,503,909,133,168,0.9048993990604778,0.4999997288744385,1,1,1,1
75,1267,194,19,95,436,791,51,55,1316,99,453,821,115,163,0.9041723296466183,0.49999971129239384,0.9627659574468085,0.9595959595959596,0.9624724061810155,0.9634591961023142
77,1395,201,19,131,432,756,79,68,1395,131,432,756,143,157,0.90522067108304,0.4999997430659935,1,1,1,1
70,1426,227,46,108,497,711,65,64,1453,110,506,724,123,145,0.9045230605819398,0.49999976316887623,0.981417756366139,0.9818181818181818,0.9822134387351779,0.9820441988950276
90,1639,310,30,221,685,1057,113,34,1639,221,685,1057,72,149,0.9008582227626958,0.4999998138718344,1,1,1,1
80,1565,345,29,184,606,1009,94,55,1565,184,606,1009,106,152,0.9037110504674845,0.4999997958537905,1,1,1,1
93,1522,337,30,207,503,1093,62,36,1522,207,503,1093,106,156,0.9037110504674845,0.4999997841556428,1,1,1,1
69,1711,265,117,34,634,430,224,168,2132,42,790,536,663,79,0.9083748606003188,0.4999998899992608,0.8025328330206379,0.8095238095238095,0.8025316455696202,0.8022388059701493
70,1464,201,112,42,595,715,357,193,1719,49,698,839,573,107,0.9082502164792571,0.49999983079302907,0.8516579406631762,0.8571428571428571,0.8524355300859598,0.8522050059594756
61,1321,157,72,15,387,686,433,168,1621,18,475,842,589,94,0.9082753029433475,0.4999998097152541,0.8149290561381863,0.8333333333333334,0.8147368421052632,0.8147268408551069
76,1508,213,103,26,605,541,282,117,1758,30,705,631,565,127,0.9082371132748817,0.49999983821723154,0.8577929465301479,0.8666666666666667,0.8581560283687943,0.8573692551505546
92,1804,281,124,41,673,290,319,78,2283,52,852,367,492,136,0.9080967733177754,0.49999990406917455,0.7901883486640385,0.7884615384615384,0.789906103286385,0.7901907356948229
85,1811,303,113,46,591,378,276,78,2274,58,742,475,432,120,0.9079438779907729,0.499999903308325,0.7963940193491644,0.7931034482758621,0.7964959568733153,0.7957894736842105
85,1699,237,109,20,538,425,224,168,2101,25,665,526,318,168,0.9074841991421075,0.4999998867292178,0.8086625416468348,0.8,0.8090225563909774,0.8079847908745247
88,1499,176,61,20,593,333,101,68,1630,22,645,362,322,127,0.9075061404970917,0.4999998118107569,0.9196319018404908,0.9090909090909091,0.9193798449612403,0.919889502762431
77,1895,244,8,8,93,0,139,64,5203,22,255,0,1225,194,0.9087264425900418,0.4999999815301932,0.3642129540649625,0.36363636363636365,0.36470588235294116,NA
73,1508,283,41,152,497,1043,103,53,1508,152,497,1043,112,158,0.9040272146641541,0.4999997801293191,1,1,1,1
106,1585,182,97,40,227,744,385,168,2445,62,350,1148,821,83,0.9085248916128087,0.4999999163603364,0.6482617586912065,0.6451612903225806,0.6485714285714286,0.6480836236933798
94,1624,242,101,32,495,372,290,78,1708,34,521,362,328,82,0.9075379998055296,0.49999982860653,0.9508196721311475,0.9411764705882353,0.9500959692898272,1.0276243093922652
83,1726,263,92,57,558,398,82,64,1816,60,587,419,202,142,0.9064441110260348,0.49999984838634554,0.9504405286343612,0.95,0.9505962521294719,0.9498806682577565
79,1582,313,95,86,485,534,103,74,1664,90,510,562,198,164,0.9063852342360631,0.4999998194226146,0.9507211538461539,0.9555555555555556,0.9509803921568627,0.9501779359430605
79,1485,260,58,85,633,614,45,29,1562,89,666,646,196,136,0.9063548489686623,0.49999979506886505,0.9507042253521126,0.9550561797752809,0.9504504504504504,0.9504643962848297
82,1474,210,49,81,508,582,42,45,1551,85,534,612,186,137,0.9061926108302252,0.49999979215173257,0.950354609929078,0.9529411764705882,0.951310861423221,0.9509803921568627
93,1478,231,46,63,560,526,64,58,1555,66,589,553,200,194,0.9064149817333977,0.4999997932196731,0.9504823151125402,0.9545454545454546,0.9507640067911715,0.9511754068716094
89,1434,246,44,108,802,594,55,63,1508,114,844,625,163,149,0.9057397044406477,0.4999997801293191,0.9509283819628647,0.9473684210526315,0.9502369668246445,0.9504
92,1478,226,54,93,790,528,41,55,1555,98,831,555,139,183,0.9050979851781847,0.4999997932196731,0.9504823151125402,0.9489795918367347,0.950661853188929,0.9513513513513514
77,1486,243,37,109,598,552,39,36,1563,115,629,581,171,175,0.9059117548894684,0.49999979533100913,0.9507357645553423,0.9478260869565217,0.9507154213036566,0.9500860585197934
53,1344,200,39,108,582,636,28,40,1414,114,612,669,157,153,0.9055985596104141,0.4999997499244772,0.9504950495049505,0.9473684210526315,0.9509803921568627,0.9506726457399103
89,1278,190,27,162,554,952,57,41,1278,162,554,952,114,126,0.9041248489082961,0.4999996938683046,1,1,1,1
103,1292,190,39,185,521,964,26,32,1292,185,521,964,101,133,0.9034173732376599,0.49999970046679254,1,1,1,1
90,1316,188,29,182,578,922,35,28,1316,182,578,922,126,130,0.9046425512590116,0.49999971129239384,1,1,1,1
79,1282,207,38,148,656,825,29,30,1282,148,656,825,132,142,0.9048644566094097,0.49999969577566256,1,1,1,1
91,1399,214,38,179,540,854,35,43,1399,179,540,854,106,156,0.9037110504674845,0.49999974453313684,1,1,1,1
74,1410,208,38,102,453,735,108,59,1419,103,456,740,169,162,0.9058703450481898,0.49999975168370864,0.9936575052854123,0.9902912621359223,0.993421052631579,0.9932432432432432
74,1480,228,45,166,452,764,60,46,1480,166,452,764,140,153,0.9051293469230596,0.49999977173119065,1,1,1,1
84,1543,232,53,143,645,844,75,68,1543,143,645,844,129,165,0.9047562132058619,0.4999997899908814,1,1,1,1
92,1530,283,53,156,508,831,93,53,1530,156,508,831,124,142,0.904563565439822,0.4999997864069375,1,1,1,1
85,1422,256,45,203,529,932,75,41,1431,204,532,938,142,153,0.9051906798317156,0.49999975583088063,0.9937106918238994,0.9950980392156863,0.9943609022556391,0.9936034115138592
85,1546,282,38,178,765,1122,104,63,1546,178,765,1122,132,148,0.9048644566094097,0.49999979080513246,1,1,1,1
68,1355,257,33,179,620,1110,82,41,1524,201,698,1249,119,161,0.9043538843030066,0.4999997847217917,0.8891076115485564,0.8905472636815921,0.8882521489971347,0.88871096877502
79,1415,268,32,176,578,1164,161,72,1415,176,578,1164,91,146,0.9027279111413306,0.49999975027781596,1,1,1,1
69,1442,291,34,213,461,1056,109,70,1451,214,464,1063,107,156,0.9037663315081383,0.4999997625155493,0.9937973811164714,0.9953271028037384,0.9935344827586207,0.993414863593603
43,1312,201,39,153,443,1099,98,63,1312,153,443,1099,138,194,0.9050661460170323,0.49999970952929806,1,1,1,1
103,1834,278,165,72,460,337,349,76,2396,94,601,440,502,91,0.9081185353414096,0.4999999129043676,0.7654424040066778,0.7659574468085106,0.7653910149750416,0.7659090909090909
17,1313,145,34,0,78,162,45,22,7335,0,436,905,1553,173,0.908810159770582,0.49999999070670403,0.17900477164280845,NA,0.17889908256880735,0.17900552486187846
54,1381,277,36,114,525,1120,115,57,1381,114,525,1120,129,177,0.9047562132058619,0.4999997378302094,1,1,1,1
64,1465,266,44,128,479,1145,92,46,1465,128,479,1145,127,150,0.9046810651376977,0.4999997670328134,1,1,1,1
91,1459,292,44,157,515,978,150,74,1459,157,515,978,78,162,0.9015520912114255,0.49999976511276234,1,1,1,1
69,1372,259,46,93,537,934,88,38,1372,93,537,934,157,120,0.9055985596104141,0.4999997343793827,1,1,1,1
79,1446,250,47,129,598,911,114,41,1446,129,598,911,138,144,0.9050661460170323,0.49999976087035536,1,1,1,1
81,1441,222,41,110,471,864,108,65,1441,110,471,864,108,161,0.9038205381394819,0.4999997592080062,1,1,1,1
77,1342,236,48,74,435,830,140,61,1342,74,435,830,136,154,0.9050009918928839,0.499999722370908,1,1,1,1
85,1412,239,60,97,517,869,164,95,1412,97,517,869,147,165,0.905336356027572,0.49999974921554624,1,1,1,1
85,1459,288,37,138,497,911,103,60,1459,138,497,911,125,141,0.9046033900893089,0.49999976511276234,1,1,1,1
93,1500,313,29,208,581,1119,64,49,1500,208,581,1119,110,138,0.9039258492063404,0.49999977777777777,1,1,1,1
44,1347,195,94,30,189,848,326,117,2039,45,286,1284,780,94,0.9084920795010972,0.4999998797360254,0.6606179499754782,0.6666666666666666,0.6608391608391608,0.660436137071651
60,1320,216,40,41,283,590,420,117,1584,49,340,708,539,94,0.9081917021031801,0.4999998007218651,0.8333333333333334,0.8367346938775511,0.8323529411764706,0.8333333333333334
72,1469,242,83,42,428,666,183,76,1576,45,459,715,299,145,0.9073715404255024,0.499999798693602,0.9321065989847716,0.9333333333333333,0.9324618736383442,0.9314685314685315
85,1596,286,79,116,528,675,207,76,1596,116,528,675,146,160,0.9053080586312758,0.49999980370726316,1,1,1,1
83,1526,288,39,162,476,926,120,42,1526,162,476,926,108,143,0.9038205381394819,0.499999785285716,1,1,1,1
90,1491,232,95,19,512,618,293,193,1763,22,605,731,721,94,0.9084379611996206,0.49999983913358637,0.8457175269427113,0.8636363636363636,0.8462809917355372,0.8454172366621067
73,1549,242,99,30,551,441,494,117,1873,36,666,533,679,83,0.90839339889049,0.4999998574738842,0.8270154831820609,0.8333333333333334,0.8273273273273273,0.8273921200750469
108,1464,231,94,54,649,453,438,117,1839,68,815,569,401,101,0.907845968850441,0.4999998521550326,0.7960848287112561,0.7941176470588235,0.7963190184049079,0.7961335676625659
72,1458,236,82,27,549,514,398,117,1724,32,649,608,511,107,0.9081373572153837,0.49999983177308477,0.845707656612529,0.84375,0.8459167950693375,0.8453947368421053
100,1514,193,110,32,662,532,430,168,1593,34,696,560,419,94,0.9079046709339886,0.4999998029672346,0.9504080351537979,0.9411764705882353,0.9511494252873564,0.95
88,1645,234,95,48,491,393,226,146,2034,59,607,486,402,125,0.9078493749793206,0.4999998791440303,0.8087512291052114,0.8135593220338984,0.8088962108731467,0.808641975308642
83,1431,211,67,18,622,843,325,78,1705,21,741,1042,338,117,0.907588462839302,0.49999982800285514,0.8392961876832845,0.8571428571428571,0.8394062078272605,0.809021113243762
70,1232,150,72,27,414,588,187,76,1313,29,441,536,302,78,0.9073903188691678,0.499999709971583,0.9383092155369384,0.9310344827586207,0.9387755102040817,1.0970149253731343
69,1294,163,77,30,459,738,199,76,1398,32,496,797,262,121,0.907102636643071,0.4999997441675314,0.9256080114449213,0.9375,0.9254032258064516,0.9259723964868256
71,1516,210,94,42,392,603,204,146,1648,46,426,656,264,136,0.9071191992897084,0.4999998158992365,0.9199029126213593,0.9130434782608695,0.92018779342723,0.9192073170731707
85,1351,176,80,15,334,529,140,134,1440,16,356,564,254,102,0.9070336441429714,0.49999975887345677,0.9381944444444444,0.9375,0.9382022471910112,0.9379432624113475
75,1394,171,84,27,358,565,139,67,1496,29,384,606,263,109,0.9071109510286948,0.49999977658783495,0.9318181818181818,0.9310344827586207,0.9322916666666666,0.9323432343234324
82,1475,242,74,70,590,540,86,56,1562,74,625,572,230,120,0.9067963106443999,0.49999979506886505,0.9443021766965429,0.9459459459459459,0.944,0.9440559440559441
105,1572,301,73,106,631,563,38,44,1654,112,664,592,170,131,0.9058911778520482,0.4999998172324905,0.9504232164449818,0.9464285714285714,0.9503012048192772,0.9510135135135135
94,1537,260,48,204,639,665,81,76,1617,215,672,700,134,193,0.9049337941110167,0.4999998087726686,0.9505256648113791,0.9488372093023256,0.9508928571428571,0.95
99,1361,178,34,110,453,867,124,70,1361,110,453,867,158,129,0.9056228657270091,0.4999997300683845,1,1,1,1
80,1375,180,39,79,438,893,141,60,1375,79,438,893,170,126,0.9058911778520482,0.49999973553719007,1,1,1,1
89,1410,186,41,102,502,821,86,41,1474,107,525,858,169,152,0.9058703450481898,0.49999976986904626,0.9565807327001357,0.9532710280373832,0.9561904761904761,0.9568764568764568
88,1355,217,31,118,611,825,138,52,1355,118,611,825,127,106,0.9046810651376977,0.49999972767255346,1,1,1,1
63,1333,201,34,72,503,899,142,78,1333,72,503,899,173,136,0.9059521599894056,0.49999971860932224,1,1,1,1
71,1374,284,21,149,541,1094,58,35,1374,149,541,1094,106,141,0.9037110504674845,0.49999973515209684,1,1,1,1
74,1573,167,34,15,59,241,187,78,3861,37,145,592,972,108,0.9086208262232862,0.4999999664594329,0.4074074074074074,0.40540540540540543,0.4068965517241379,0.40709459459459457
87,1488,190,107,23,234,509,177,168,2485,38,391,850,787,83,0.9084979358311056,0.4999999190312904,0.5987927565392354,0.6052631578947368,0.59846547314578,0.5988235294117648
77,1426,182,120,27,220,648,193,168,2063,39,318,937,665,104,0.9083772291259985,0.49999988251794125,0.6912263693650024,0.6923076923076923,0.6918238993710691,0.6915688367129136
45,1503,216,110,52,436,454,270,193,1873,65,543,566,533,135,0.9081805612114507,0.4999998574738842,0.802455953016551,0.8,0.8029465930018416,0.8021201413427562
0,891,135,0,0,0,0,0,0,24057,0,0,0,1890,149,0.9088647055857729,0.4999999991360531,0.037037037037037035,NA,NA,NA
67,1425,255,46,125,443,862,85,67,1425,125,443,862,139,165,0.9050979851781847,0.4999997537703909,1,1,1,1
83,1523,247,53,116,556,802,106,68,1523,116,556,802,118,176,0.9043097069334213,0.499999784438996,1,1,1,1
73,1495,280,47,144,565,900,118,45,1682,162,636,1013,118,209,0.9043097069334213,0.49999982326684866,0.8888228299643282,0.8888888888888888,0.8883647798742138,0.8884501480750246
74,1439,266,17,152,532,1039,81,59,1439,152,532,1039,110,192,0.9039258492063404,0.49999975853820966,1,1,1,1
73,1366,297,25,177,620,1245,72,44,1366,177,620,1245,118,187,0.9043097069334213,0.49999973204084125,1,1,1,1
53,1334,144,62,13,418,697,239,193,1431,14,448,800,332,74,0.9075585680879007,0.49999975583088063,0.9322152341020266,0.9285714285714286,0.9330357142857143,0.87125
45,1185,159,44,10,342,633,145,76,1263,11,365,670,298,107,0.9073651926988375,0.49999968655358773,0.9382422802850356,0.9090909090909091,0.936986301369863,0.9447761194029851
91,1448,197,62,5,476,457,173,73,1833,6,602,578,286,120,0.9072853792176883,0.49999985118556,0.789961811238407,0.8333333333333334,0.7906976744186046,0.7906574394463668
65,1433,205,73,28,481,591,164,77,1658,32,557,684,263,100,0.9071109510286948,0.4999998181132965,0.8642943305186972,0.875,0.8635547576301615,0.8640350877192983
85,1554,254,102,44,489,500,118,70,1645,47,518,529,248,162,0.9069788285956646,0.49999981522713205,0.9446808510638298,0.9361702127659575,0.944015444015444,0.945179584120983
73,1467,241,80,47,482,465,99,57,1543,49,507,489,211,169,0.9065680289742206,0.4999997899908814,0.9507453013609851,0.9591836734693877,0.9506903353057199,0.950920245398773
89,1629,282,92,31,524,378,140,55,1714,33,551,398,204,131,0.9064726408932803,0.49999982980438396,0.9504084014002334,0.9393939393939394,0.9509981851179673,0.949748743718593
89,1406,259,53,50,641,613,150,58,1489,53,679,649,190,154,0.9062596582144896,0.49999977448231286,0.9442578912021491,0.9433962264150944,0.9440353460972017,0.9445300462249615
67,1298,196,50,44,552,562,56,54,1365,46,581,591,149,159,0.9053917550251367,0.4999997316480833,0.9509157509157509,0.9565217391304348,0.9500860585197934,0.9509306260575296
59,1318,215,79,33,601,606,80,51,1396,35,636,642,163,152,0.9057397044406477,0.499999743433962,0.9441260744985673,0.9428571428571428,0.9449685534591195,0.9439252336448598
53,1399,218,43,85,624,521,48,35,1472,89,656,548,169,177,0.9058703450481898,0.4999997692432656,0.9504076086956522,0.9550561797752809,0.9512195121951219,0.9507299270072993
70,1436,200,56,80,706,637,44,26,1511,84,743,670,176,190,0.9060109611189064,0.49999978100153253,0.9503639973527466,0.9523809523809523,0.9502018842530283,0.9507462686567164
92,1417,224,35,226,550,918,32,14,1426,227,553,924,145,141,0.9052793512697525,0.49999975411561287,0.9936886395511921,0.9955947136563876,0.9945750452079566,0.9935064935064936
79,1413,227,46,221,553,1019,46,22,1413,221,553,1019,145,131,0.9052793512697525,0.499999749570388,1,1,1,1
61,1314,218,54,70,409,739,51,40,1953,104,608,1098,138,153,0.9050661460170323,0.49999986891122117,0.6728110599078341,0.6730769230769231,0.6726973684210527,0.6730418943533698
74,1458,281,39,100,445,749,96,53,1458,100,445,749,101,161,0.9034173732376599,0.4999997647904471,1,1,1,1
95,1527,350,36,168,475,1096,79,62,1536,169,478,1103,74,125,0.901102644834714,0.4999997880723741,0.994140625,0.9940828402366864,0.9937238493723849,0.9936536718041704
92,1494,310,24,191,513,982,116,46,1494,191,513,982,101,158,0.9034173732376599,0.49999977598927614,1,1,1,1
96,1608,275,34,143,490,872,101,42,1608,143,490,872,84,135,0.9021422644806572,0.49999980662607363,1,1,1,1
108,1188,338,0,0,270,945,0,18,16038,0,3645,12758,716,104,0.908432943790823,0.4999999980561194,0.07407407407407407,NA,0.07407407407407407,0.074071171029942
93,1561,244,95,35,498,679,289,193,1653,37,527,719,291,120,0.9073194748832578,0.4999998170112893,0.9443436176648518,0.9459459459459459,0.9449715370018975,0.9443671766342142
24,1289,145,41,7,45,0,101,55,4443,24,155,0,1506,165,0.9088005069285786,0.49999997467103885,0.2901192887688499,0.2916666666666667,0.2903225806451613,NA
79,1978,211,103,5,162,74,226,18,9710,25,795,363,1114,218,0.9086863018926508,0.4999999946968789,0.20370751802265705,0.2,0.2037735849056604,0.20385674931129477
66,1294,188,35,99,449,998,55,46,1302,100,452,1004,160,172,0.9056705214073335,0.49999970505024766,0.9938556067588326,0.99,0.9933628318584071,0.9940239043824701
73,1252,178,30,81,379,1203,72,45,1252,81,379,1203,133,142,0.9048993990604778,0.4999996810215476,1,1,1,1
83,1353,199,24,86,543,810,27,22,1361,87,546,815,127,141,0.9046810651376977,0.4999997300683845,0.994121969140338,0.9885057471264368,0.9945054945054945,0.9938650306748467
91,1410,278,21,172,536,851,110,33,1410,172,536,851,132,107,0.9048644566094097,0.4999997485035964,1,1,1,1
78,1488,245,38,141,502,1118,65,44,1674,159,565,1258,129,141,0.9047562132058619,0.4999998215736066,0.8888888888888888,0.8867924528301887,0.8884955752212389,0.8887122416534181
96,1543,295,14,180,713,988,149,61,1534,179,709,982,68,146,0.9003239796572807,0.4999997875193995,1.0058670143415906,1.005586592178771,1.005641748942172,1.0061099796334012
91,1490,187,98,10,240,437,224,146,2514,17,405,737,660,104,0.9083712795452815,0.4999999208885294,0.5926809864757359,0.5882352941176471,0.5925925925925926,0.592944369063772
54,1458,235,80,26,535,564,372,168,1776,32,652,687,765,86,0.9084791509798895,0.4999998414799935,0.8209459459459459,0.8125,0.8205521472392638,0.8209606986899564
77,1377,164,73,16,333,529,225,76,1507,18,365,477,368,86,0.9077226299247758,0.49999977983742316,0.913735899137359,0.8888888888888888,0.9123287671232877,1.1090146750524108
94,1345,176,80,21,498,637,309,78,1443,23,534,537,307,102,0.9074207605371287,0.49999975987501977,0.932085932085932,0.9130434782608695,0.9325842696629213,1.186219739292365
84,1343,204,62,37,543,665,188,134,1413,39,571,700,230,125,0.9067963106443999,0.499999749570388,0.9504600141542817,0.9487179487179487,0.9509632224168126,0.95
73,1547,260,78,116,494,507,70,77,1627,122,520,533,170,158,0.9058911778520482,0.49999981111611863,0.9508297480024586,0.9508196721311475,0.95,0.9512195121951219
93,1669,276,78,149,583,545,54,46,1756,157,613,573,188,160,0.9062265089880364,0.499999837848496,0.9504555808656037,0.9490445859872612,0.9510603588907015,0.9511343804537522
113,1645,293,86,168,806,554,81,69,1730,177,848,583,200,130,0.9064149817333977,0.49999983293795314,0.9508670520231214,0.9491525423728814,0.9504716981132075,0.9502572898799314
106,1540,256,63,159,648,594,54,35,1620,167,682,625,174,206,0.9059719969443657,0.4999998094802622,0.9506172839506173,0.9520958083832335,0.9501466275659824,0.9504
108,1503,235,60,114,622,585,73,35,1581,120,654,615,149,200,0.9053917550251367,0.4999997999648738,0.9506641366223909,0.95,0.9510703363914373,0.9512195121951219
103,1420,229,62,105,656,591,48,63,1494,110,690,622,168,175,0.9058492517569943,0.49999977598927614,0.9504685408299867,0.9545454545454546,0.9507246376811594,0.9501607717041801
102,1514,242,76,121,642,611,28,24,1593,127,675,643,115,159,0.9041723296466183,0.4999998029672346,0.9504080351537979,0.952755905511811,0.9511111111111111,0.9502332814930016
83,1470,236,42,161,481,871,47,23,1546,169,506,916,138,168,0.9050661460170323,0.49999979080513246,0.9508408796895214,0.9526627218934911,0.950592885375494,0.9508733624454149
109,1461,194,40,240,543,785,28,18,1461,240,543,785,124,180,0.904563565439822,0.49999976575540833,1,1,1,1
71,1278,185,37,165,494,832,50,30,1302,168,503,848,145,145,0.9052793512697525,0.49999970505024766,0.9815668202764977,0.9821428571428571,0.9821073558648111,0.9811320754716981
80,1255,211,44,95,569,845,120,74,1263,96,573,850,132,159,0.9048644566094097,0.49999968655358773,0.9936658749010293,0.9895833333333334,0.9930191972076788,0.9941176470588236
82,1377,195,43,97,581,717,75,55,1377,97,581,717,125,159,0.9046033900893089,0.4999997363048611,1,1,1,1
83,1346,210,25,108,513,720,74,44,1407,113,536,753,140,187,0.9051293469230596,0.4999997474299737,0.9566453447050463,0.9557522123893806,0.957089552238806,0.9561752988047809
99,1480,227,38,124,502,691,97,42,1471,123,499,687,112,133,0.9040272146641541,0.49999976892941767,1.0061182868796736,1.008130081300813,1.006012024048096,1.0058224163027656
79,1417,225,37,161,590,719,69,45,1417,161,590,719,128,158,0.9047189473957922,0.4999997509822505,1,1,1,1
87,1560,275,32,130,534,673,62,38,1560,130,534,673,142,177,0.9051906798317156,0.49999979454306376,1,1,1,1
71,1418,249,19,147,473,861,109,36,1418,147,473,861,133,181,0.9048993990604778,0.49999975133335056,1,1,1,1
92,1621,293,28,162,632,909,96,46,1621,162,632,909,91,146,0.9027279111413306,0.4999998097152541,1,1,1,1
96,1636,325,23,161,676,954,99,58,1636,161,676,954,105,156,0.9036546632818494,0.4999998131885869,1,1,1,1
114,1625,290,31,207,653,1025,153,63,1625,207,653,1025,98,146,0.9032260358290534,0.49999981065088756,1,1,1,1
88,1678,285,104,42,359,410,206,117,1999,50,428,488,394,111,0.9078216173013012,0.4999998748749062,0.8394197098549274,0.84,0.8387850467289719,0.8401639344262295
90,1483,272,82,38,322,616,188,55,1780,46,386,739,260,79,0.9070858063434505,0.49999984219164245,0.8331460674157304,0.8260869565217391,0.8341968911917098,0.8335588633288228
87,1358,211,83,33,336,649,147,95,1457,35,360,696,268,72,0.9071515463779833,0.499999764467468,0.9320521619766644,0.9428571428571428,0.9333333333333333,0.9324712643678161
98,1423,249,48,25,429,685,153,70,1590,28,479,938,294,75,0.9073393481526246,0.4999998022230133,0.8949685534591195,0.8928571428571429,0.8956158663883089,0.7302771855010661
38,1283,179,69,20,430,668,160,150,1358,21,455,707,330,133,0.9075483493911879,0.4999997288744385,0.9447717231222386,0.9523809523809523,0.945054945054945,0.9448373408769448
42,1338,203,82,41,404,654,119,60,1548,47,467,757,297,111,0.9073588000817125,0.4999997913453385,0.8643410852713178,0.8723404255319149,0.8650963597430407,0.8639365918097754
76,1555,268,63,67,399,514,84,70,1657,71,425,548,193,167,0.9063080304024669,0.4999998178936929,0.9384429692214846,0.9436619718309859,0.9388235294117647,0.9379562043795621
99,1689,319,55,181,681,663,40,24,1777,190,716,697,129,149,0.9047562132058619,0.49999984165835637,0.9504783342712436,0.9526315789473684,0.9511173184357542,0.9512195121951219
85,1630,320,60,149,671,663,36,36,1749,160,720,711,218,130,0.9066569954098631,0.4999998365479449,0.931961120640366,0.93125,0.9319444444444445,0.9324894514767933
56,1528,254,64,76,555,625,62,46,1618,80,588,662,220,161,0.9066813234531261,0.49999980900897045,0.9443757725587144,0.95,0.9438775510204082,0.9441087613293051
76,1435,178,49,38,444,515,44,34,1510,40,467,542,183,134,0.9061403038047542,0.4999997807113723,0.9503311258278145,0.95,0.9507494646680942,0.9501845018450185
88,1415,243,49,72,764,550,42,34,1489,76,804,579,119,189,0.9043538843030066,0.49999977448231286,0.9503022162525184,0.9473684210526315,0.9502487562189055,0.9499136442141624
85,1400,225,52,86,824,519,38,26,1473,90,867,546,147,228,0.905336356027572,0.49999976955647457,0.9504412763068567,0.9555555555555556,0.9504036908881199,0.9505494505494505
62,1471,216,40,122,524,633,43,25,1547,128,551,666,143,169,0.90522067108304,0.49999979107549736,0.9508726567550096,0.953125,0.9509981851179673,0.9504504504504504
54,1292,201,43,99,530,712,32,31,1359,104,558,749,175,171,0.9059915959240611,0.49999972927329916,0.9506990434142752,0.9519230769230769,0.9498207885304659,0.9506008010680908
69,1455,243,45,123,506,821,36,25,1531,129,532,864,167,164,0.9058278931416256,0.49999978668587064,0.9503592423252776,0.9534883720930233,0.9511278195488722,0.9502314814814815
98,1376,220,33,151,609,846,183,82,1376,151,609,846,143,140,0.90522067108304,0.49999973592144403,1,1,1,1
69,1304,200,31,100,433,800,144,117,1304,100,433,800,179,145,0.9060676944594931,0.49999970595430765,1,1,1,1
72,1434,253,18,161,593,975,129,55,2038,229,843,1386,125,149,0.9046033900893089,0.4999998796179749,0.703631010794897,0.7030567685589519,0.7034400948991696,0.7034632034632035
92,1510,283,23,240,755,1166,40,15,1519,241,760,1173,135,165,0.9049676543262872,0.4999997833022228,0.9940750493745886,0.995850622406639,0.993421052631579,0.9940323955669225
76,1509,213,143,44,720,475,315,117,1910,56,911,601,648,107,0.9083566069263989,0.49999986294235355,0.7900523560209424,0.7857142857142857,0.7903402854006586,0.7903494176372712
76,1370,230,98,25,454,836,341,193,1644,30,545,1003,764,127,0.9084782701187051,0.4999998150022792,0.8333333333333334,0.8333333333333334,0.8330275229357799,0.8334995014955134
99,1473,223,108,38,369,576,529,78,1794,46,449,702,579,104,0.9082597945230356,0.49999984464503877,0.8210702341137124,0.8260869565217391,0.821826280623608,0.8205128205128205
99,1671,281,117,62,507,456,468,193,2201,82,668,601,620,79,0.9083200474122808,0.4999998967880652,0.7592003634711495,0.7560975609756098,0.7589820359281437,0.7587354409317804
66,1347,130,51,6,421,569,128,110,1593,7,498,673,361,96,0.9076934168903843,0.4999998029672346,0.8455743879472694,0.8571428571428571,0.8453815261044176,0.8454680534918276
87,1287,204,72,12,351,625,210,78,1354,13,369,578,250,79,0.9069974074515884,0.49999972727014874,0.9505169867060561,0.9230769230769231,0.9512195121951219,1.0813148788927336
83,1397,236,75,23,536,592,211,168,1479,24,568,627,273,140,0.9071905818099509,0.49999977142240637,0.9445571331981069,0.9583333333333334,0.9436619718309859,0.9441786283891547
96,1317,236,56,44,422,605,158,67,1394,47,447,641,248,126,0.9069788285956646,0.49999974269723285,0.9447632711621234,0.9361702127659575,0.9440715883668904,0.9438377535101404
53,1607,272,41,118,436,585,74,77,1690,124,459,615,224,181,0.9067286121112973,0.4999998249361017,0.9508875739644971,0.9516129032258065,0.9498910675381264,0.9512195121951219
72,1692,305,61,106,483,574,51,62,1792,112,511,608,223,156,0.9067169569161191,0.4999998442980708,0.9441964285714286,0.9464285714285714,0.9452054794520548,0.944078947368421
69,1580,315,55,85,460,518,44,37,1662,89,484,545,215,157,0.9066196117098342,0.49999981898775053,0.950661853188929,0.9550561797752809,0.9504132231404959,0.9504587155963303
57,1618,263,48,108,474,616,53,46,1702,114,499,648,249,151,0.9069881571958969,0.49999982739598536,0.9506462984723855,0.9473684210526315,0.9498997995991983,0.9506172839506173
65,1569,273,39,109,506,678,70,56,1661,115,536,718,195,166,0.9063394108319476,0.49999981876972915,0.9446116797110174,0.9478260869565217,0.9440298507462687,0.9442896935933147
45,1343,198,40,67,474,627,68,36,1413,70,499,660,196,155,0.9063548489686623,0.499999749570388,0.9504600141542817,0.9571428571428572,0.9498997995991983,0.95
73,1421,220,42,84,439,621,43,42,1495,88,462,653,155,151,0.9055489589222269,0.49999977628885584,0.9505016722408027,0.9545454545454546,0.9502164502164502,0.9509954058192955
77,1456,209,49,114,531,552,66,29,1532,120,559,581,145,154,0.9052793512697525,0.49999978696425773,0.9503916449086162,0.95,0.9499105545617174,0.9500860585197934
79,1456,256,61,107,635,652,32,28,1532,113,668,686,153,140,0.9054979957619532,0.49999978696425773,0.9503916449086162,0.9469026548672567,0.9505988023952096,0.9504373177842566
63,1304,227,35,137,549,1130,73,49,1304,137,549,1130,136,157,0.9050009918928839,0.49999970595430765,1,1,1,1
71,1381,218,29,134,476,979,51,47,1381,134,476,979,134,179,0.9049337941110167,0.4999997378302094,1,1,1,1
80,1434,233,50,95,469,822,115,58,1434,95,469,822,148,168,0.905364252042837,0.4999997568514401,1,1,1,1
65,1302,248,31,107,492,987,113,49,1310,108,495,993,146,140,0.9053080586312758,0.4999997086416875,0.9938931297709923,0.9907407407407407,0.9939393939393939,0.9939577039274925
75,1482,286,36,126,508,1080,97,45,1482,126,508,1080,110,131,0.9039258492063404,0.4999997723468851,1,1,1,1
86,1431,295,29,164,551,1125,153,47,1431,164,551,1125,91,145,0.9027279111413306,0.49999975583088063,1,1,1,1
95,1385,220,114,19,565,843,307,168,1638,22,668,997,576,94,0.9082550316910915,0.4999998136445023,0.8455433455433455,0.8636363636363636,0.8458083832335329,0.8455366098294884
87,1656,233,109,32,461,367,315,193,2032,39,566,450,481,90,0.9080717365108669,0.49999987890600783,0.8149606299212598,0.8205128205128205,0.8144876325088339,0.8155555555555556
102,1466,201,96,23,404,679,214,168,1552,24,428,847,270,119,0.9071673427269573,0.499999792419492,0.9445876288659794,0.9583333333333334,0.9439252336448598,0.8016528925619835
117,1420,232,98,27,511,529,197,168,1513,29,545,844,237,107,0.906870749804535,0.499999781580128,0.9385327164573695,0.9310344827586207,0.9376146788990826,0.6267772511848341
73,1259,156,83,19,438,640,155,146,1324,20,461,673,235,101,0.9068499565126554,0.499999714770767,0.9509063444108762,0.95,0.9501084598698482,0.950965824665676
77,1324,207,96,25,441,690,191,117,1393,26,464,726,225,105,0.9067401585488779,0.49999974232767774,0.9504666188083274,0.9615384615384616,0.9504310344827587,0.9504132231404959
54,1294,168,64,9,420,610,158,92,1361,9,442,642,264,125,0.9071191992897084,0.4999997300683845,0.9507714915503307,1,0.9502262443438914,0.9501557632398754
95,1623,245,110,39,361,393,142,98,1718,41,382,416,181,137,0.9061044203452289,0.4999998305959904,0.9447031431897556,0.9512195121951219,0.9450261780104712,0.9447115384615384
91,1634,270,95,70,484,463,32,44,1730,74,512,490,201,100,0.906429622463641,0.49999983293795314,0.9445086705202312,0.9459459459459459,0.9453125,0.9448979591836735
88,1679,298,84,63,544,528,39,51,1766,66,572,555,209,119,0.9065414596712038,0.49999983967966716,0.950736126840317,0.9545454545454546,0.951048951048951,0.9513513513513514
90,1631,235,90,49,487,505,34,44,1716,52,512,531,190,142,0.9062596582144896,0.4999998302008791,0.9504662004662005,0.9423076923076923,0.951171875,0.9510357815442562
93,1632,286,71,70,524,442,51,35,1763,76,566,477,176,181,0.9060109611189064,0.49999983913358637,0.9256948383437322,0.9210526315789473,0.9257950530035336,0.9266247379454927
85,1491,245,68,59,575,543,62,52,1568,62,605,571,204,137,0.9064726408932803,0.4999997966342149,0.9508928571428571,0.9516129032258065,0.9504132231404959,0.9509632224168126
84,1474,252,77,44,603,595,67,77,1551,46,634,626,179,167,0.9060676944594931,0.49999979215173257,0.950354609929078,0.9565217391304348,0.9511041009463722,0.950479233226837
88,1458,241,72,141,417,792,32,16,1534,148,439,833,140,182,0.9051293469230596,0.4999997875193995,0.9504563233376793,0.9527027027027027,0.9498861047835991,0.9507803121248499
82,1487,242,44,118,465,752,34,27,1564,124,489,791,162,174,0.9057169423371344,0.4999997955926505,0.9507672634271099,0.9516129032258065,0.950920245398773,0.9506953223767383
80,1404,180,44,80,422,953,130,59,1404,80,422,953,139,162,0.9050979851781847,0.4999997463494614,1,1,1,1
88,1557,220,52,119,454,944,74,34,1557,119,454,944,155,169,0.9055489589222269,0.4999997937505595,1,1,1,1
84,1535,272,40,134,447,862,161,75,1535,134,447,862,145,133,0.9052793512697525,0.499999787796157,1,1,1,1
67,1462,286,17,141,459,1200,68,23,1462,141,459,1200,104,168,0.9035971369638471,0.4999997660757428,1,1,1,1
89,1631,289,81,22,135,589,188,117,4404,59,365,1590,840,113,0.9085389586302103,0.49999997422044695,0.3703451407811081,0.3728813559322034,0.3698630136986301,0.370440251572327
91,1504,278,71,21,282,413,290,78,2901,41,544,797,750,127,0.9084656789227624,0.4999999405879488,0.5184419165804894,0.5121951219512195,0.5183823529411765,0.5181932245922208
110,1972,254,61,24,190,119,134,43,6028,73,581,364,1103,194,0.9086818611120113,0.49999998623983893,0.32714001327140013,0.3287671232876712,0.3270223752151463,0.3269230769230769
76,1434,138,97,3,154,397,172,82,3872,8,416,1072,759,78,0.9084738292464866,0.4999999666497336,0.37035123966942146,0.375,0.3701923076923077,0.37033582089552236
60,1239,196,27,99,564,900,85,45,1239,99,564,900,170,126,0.9058911778520482,0.49999967429277564,1,1,1,1
81,1435,217,52,81,429,877,165,77,1435,81,429,877,152,142,0.9054719858792476,0.49999975719020506,1,1,1,1
81,1384,207,34,93,482,822,179,67,1384,93,482,822,129,135,0.9047562132058619,0.49999973896555183,1,1,1,1
83,1405,241,28,109,513,809,60,39,1405,109,513,809,124,158,0.904563565439822,0.4999997467104013,1,1,1,1
84,1321,204,36,121,501,1069,101,64,1321,121,501,1069,113,130,0.9040764853957337,0.49999971347378086,1,1,1,1
66,1393,243,29,136,547,1062,71,44,1393,136,547,1062,128,162,0.9047189473957922,0.49999974232767774,1,1,1,1
59,1359,211,35,104,483,727,116,62,1359,104,483,727,149,189,0.9053917550251367,0.49999972927329916,1,1,1,1
74,1410,277,38,171,564,942,94,35,1410,171,564,942,122,156,0.9044818582246311,0.4999997485035964,1,1,1,1
78,1499,282,48,161,500,863,174,73,1499,161,500,863,121,150,0.9044399404907298,0.4999997774811849,1,1,1,1
83,1400,268,29,126,588,811,97,44,1400,126,588,811,110,187,0.9039258492063404,0.4999997448979592,1,1,1,1
71,1512,305,26,221,538,943,69,30,2187,320,778,1364,137,148,0.9050338186328274,0.49999989546242096,0.691358024691358,0.690625,0.6915167095115681,0.6913489736070382
90,1574,312,21,264,626,1110,89,40,1574,264,626,1110,123,143,0.9045230605819398,0.4999997981816978,1,1,1,1
93,1531,285,31,152,629,1003,137,58,1531,152,629,1003,88,134,0.9024888960861395,0.49999978668587064,1,1,1,1
102,1574,238,93,29,323,558,211,150,2143,39,440,760,489,86,0.9080900623718893,0.4999998911256282,0.7344843677088194,0.7435897435897436,0.7340909090909091,0.7342105263157894
79,1710,197,108,49,543,335,339,78,2115,61,671,414,451,106,0.9079969196788905,0.49999988822382063,0.8085106382978723,0.8032786885245902,0.8092399403874814,0.8091787439613527
102,1297,173,56,16,600,498,307,78,1382,17,639,546,243,90,0.9069309754239071,0.4999997382094785,0.9384949348769899,0.9411764705882353,0.9389671361502347,0.9120879120879121
97,1405,183,72,28,561,507,248,193,1488,30,594,672,323,105,0.9075115367056055,0.49999977417909586,0.9442204301075269,0.9333333333333333,0.9444444444444444,0.7544642857142857
105,1481,238,109,43,561,536,367,76,1568,46,594,568,266,91,0.9071355005195342,0.4999997966342149,0.9445153061224489,0.9347826086956522,0.9444444444444444,0.9436619718309859
74,1398,208,72,26,336,583,165,146,1490,28,358,621,273,127,0.9071905818099509,0.4999997747849196,0.938255033557047,0.9285714285714286,0.9385474860335196,0.9388083735909822
101,1451,236,74,46,380,471,182,134,1679,53,440,545,249,111,0.9069881571958969,0.4999998226347187,0.8642048838594402,0.8679245283018868,0.8636363636363636,0.8642201834862385
98,1730,285,86,101,494,507,87,56,1832,107,523,537,197,169,0.9063701225782752,0.4999998510230545,0.9443231441048034,0.9439252336448598,0.9445506692160612,0.9441340782122905
101,1582,268,44,118,439,524,48,34,1686,126,468,558,169,152,0.9058703450481898,0.4999998241044454,0.9383155397390273,0.9365079365079365,0.938034188034188,0.9390681003584229
90,1538,227,39,135,502,570,33,33,1661,146,542,616,181,159,0.9061044203452289,0.49999981876972915,0.925948223961469,0.9246575342465754,0.9261992619926199,0.9253246753246753
83,1497,226,41,124,534,535,28,40,1606,133,573,574,164,163,0.9057621751673173,0.499999806144145,0.9321295143212951,0.9323308270676691,0.9319371727748691,0.9320557491289199
78,1483,263,37,101,534,548,38,52,1570,107,565,580,169,152,0.9058703450481898,0.49999979715201426,0.9445859872611465,0.9439252336448598,0.9451327433628318,0.9448275862068966
58,1386,162,35,86,508,498,37,46,1468,91,538,527,177,148,0.9060300966222778,0.49999976798402246,0.944141689373297,0.945054945054945,0.9442379182156134,0.9449715370018975
64,1395,185,39,127,560,574,48,51,1467,134,589,604,167,127,0.9058278931416256,0.4999997676676011,0.950920245398773,0.9477611940298507,0.9507640067911715,0.9503311258278145
95,1384,169,43,159,476,844,47,27,1384,159,476,844,148,124,0.905364252042837,0.49999973896555183,1,1,1,1
82,1373,235,38,92,563,792,130,73,2004,134,822,1156,144,149,0.9052502251143105,0.499999875498504,0.685129740518962,0.6865671641791045,0.6849148418491484,0.6851211072664359
87,1393,213,30,133,607,915,130,56,1393,133,607,915,173,125,0.9059521599894056,0.49999974232767774,1,1,1,1
76,1427,299,52,164,497,897,58,25,1436,165,500,903,92,133,0.9028039489816532,0.4999997575282625,0.9937325905292479,0.9939393939393939,0.994,0.9933554817275747
34,1177,171,9,0,119,0,293,15,10035,0,1015,0,1279,218,0.9087433331429429,0.4999999950348171,0.11728948679621326,NA,0.11724137931034483,NA
93,1527,200,64,0,79,0,325,117,3638,0,188,0,1010,142,0.9086402441190133,0.4999999622215083,0.419736118746564,NA,0.42021276595744683,NA
75,1343,176,83,22,227,458,255,76,2720,45,460,927,903,83,0.9085811666555701,0.4999999324178201,0.49375,0.4888888888888889,0.4934782608695652,0.49406688241639696
107,1475,195,76,12,207,397,333,78,2438,20,342,656,641,94,0.9083477813353205,0.4999999158793535,0.6050041017227236,0.6,0.6052631578947368,0.6051829268292683
88,1655,216,109,45,363,625,220,193,1915,52,420,723,353,125,0.9076585393465888,0.49999986365712495,0.8642297650130548,0.8653846153846154,0.8642857142857143,0.8644536652835408
56,1291,148,75,11,390,426,119,158,1394,12,421,643,294,99,0.9073393481526246,0.49999974269723285,0.9261119081779053,0.9166666666666666,0.9263657957244655,0.6625194401244168
52,1162,141,60,18,297,1170,158,67,1222,19,312,1172,367,72,0.9077185282572805,0.49999966516751,0.9509001636661211,0.9473684210526315,0.9519230769230769,0.9982935153583617
58,1324,158,60,16,605,529,172,76,1411,17,645,670,342,96,0.9076077812133455,0.49999974885994974,0.9383416017009213,0.9411764705882353,0.937984496124031,0.7895522388059701
100,1583,307,74,119,598,461,86,77,1665,125,629,485,160,141,0.9056705214073335,0.4999998196394593,0.9507507507507508,0.952,0.9507154213036566,0.9505154639175257
83,1672,330,90,107,522,485,77,53,1782,114,556,517,185,159,0.9061753730553641,0.4999998425456712,0.9382716049382716,0.9385964912280702,0.9388489208633094,0.9381044487427466
103,1569,269,59,74,572,575,50,30,1661,78,606,609,181,155,0.9061044203452289,0.49999981876972915,0.9446116797110174,0.9487179487179487,0.9438943894389439,0.9441707717569786
102,1481,275,58,84,550,558,60,68,1538,87,571,579,128,173,0.9047189473957922,0.49999978862319294,0.9629388816644994,0.9655172413793104,0.9632224168126094,0.9637305699481865
93,1458,260,57,102,565,504,35,34,1534,107,594,530,148,167,0.905364252042837,0.4999997875193995,0.9504563233376793,0.9532710280373832,0.9511784511784511,0.9509433962264151
80,1518,246,52,130,529,654,43,37,1597,137,556,688,141,181,0.905160241744304,0.499999803953013,0.9505322479649343,0.948905109489051,0.9514388489208633,0.9505813953488372
75,1506,257,52,124,510,786,68,56,1584,130,536,827,154,166,0.9055236510799471,0.4999998007218651,0.9507575757575758,0.9538461538461539,0.9514925373134329,0.9504232164449818
80,1424,235,46,110,480,887,101,52,1433,111,483,893,131,153,0.9048289537991392,0.4999997565119657,0.9937194696441033,0.990990990990991,0.9937888198757764,0.9932810750279956
81,1418,240,35,75,531,796,100,46,1418,75,531,796,158,149,0.9056228657270091,0.49999975133335056,1,1,1,1
79,1278,217,48,58,572,911,264,78,1286,58,576,917,124,179,0.904563565439822,0.49999969766525015,0.9937791601866252,1,0.9930555555555556,0.9934569247546347
87,1508,262,34,118,588,882,153,72,1508,118,588,882,159,157,0.9056468509206721,0.4999997801293191,1,1,1,1
70,1339,270,27,121,494,1042,89,52,1517,137,560,1180,128,177,0.9047189473957922,0.4999997827304611,0.8826631509558339,0.8832116788321168,0.8821428571428571,0.8830508474576271
88,1468,281,31,142,495,1089,149,58,1468,142,495,1089,125,139,0.9046033900893089,0.49999976798402246,1,1,1,1
83,1444,292,30,223,676,1179,133,41,1444,223,676,1179,142,160,0.9051906798317156,0.49999976020748765,1,1,1,1
41,992,263,20,0,142,952,28,15,20088,0,2876,19278,952,79,0.9086099516239624,0.4999999987609278,0.04938271604938271,NA,0.04937413073713491,0.04938271604938271
51,1370,141,44,12,65,551,196,78,3171,28,150,1275,921,86,0.9085921145155923,0.4999999502746876,0.4320403658152003,0.42857142857142855,0.43333333333333335,0.432156862745098
63,1450,267,43,111,473,1107,120,73,1450,111,473,1107,94,178,0.9029509330582186,0.49999976218787157,1,1,1,1
69,1531,272,29,145,544,1042,73,49,1531,145,544,1042,135,198,0.9049676543262872,0.49999978668587064,1,1,1,1
69,1423,255,22,163,562,1028,91,46,1432,164,565,1034,119,172,0.9043538843030066,0.4999997561717799,0.9937150837988827,0.9939024390243902,0.9946902654867257,0.9941972920696325
62,1426,311,21,121,456,1116,115,52,1426,121,456,1116,139,144,0.9050979851781847,0.49999975411561287,1,1,1,1
55,1427,299,35,134,459,1122,103,45,1436,135,462,1129,127,169,0.9046810651376977,0.4999997575282625,0.9937325905292479,0.9925925925925926,0.9935064935064936,0.9937998228520815
60,1379,207,38,133,469,794,100,53,1388,134,472,799,140,161,0.9051293469230596,0.49999974046790524,0.9935158501440923,0.9925373134328358,0.9936440677966102,0.9937421777221527
72,1268,188,41,128,458,1089,54,38,1292,130,467,1110,145,142,0.9052793512697525,0.49999970046679254,0.9814241486068112,0.9846153846153847,0.9807280513918629,0.981081081081081
76,1219,169,25,116,475,1043,53,37,1227,117,478,1049,145,168,0.9052793512697525,0.4999996678908211,0.993480032599837,0.9914529914529915,0.9937238493723849,0.994280266920877
65,1216,161,37,125,457,966,29,19,1224,126,460,972,149,145,0.9053917550251367,0.49999966626083986,0.9934640522875817,0.9920634920634921,0.9934782608695653,0.9938271604938271
70,1302,184,28,138,635,989,72,42,1302,138,635,989,116,173,0.9042189511918559,0.49999970505024766,1,1,1,1
57,1397,195,29,110,503,791,91,53,1397,110,503,791,161,164,0.9056938832446803,0.4999997438011405,1,1,1,1
85,1501,200,39,100,514,719,114,81,1520,101,520,728,165,166,0.9057843599898309,0.4999997835872576,0.9875,0.9900990099009901,0.9884615384615385,0.9876373626373627
88,1493,275,23,76,455,611,71,63,2303,117,702,943,106,157,0.9037110504674845,0.4999999057281286,0.6482848458532349,0.6495726495726496,0.6481481481481481,0.647932131495228
62,1367,214,41,130,533,824,131,76,1375,131,536,829,120,146,0.9043972888920141,0.49999973553719007,0.9941818181818182,0.9923664122137404,0.9944029850746269,0.9939686369119421
70,1387,228,39,113,545,1028,131,57,1396,114,548,1034,130,146,0.9047928772621397,0.499999743433962,0.9935530085959885,0.9912280701754386,0.9945255474452555,0.9941972920696325
83,1433,260,46,122,503,989,101,49,1433,122,503,989,136,137,0.9050009918928839,0.4999997565119657,1,1,1,1
83,1416,257,27,110,575,1054,115,48,1416,110,575,1054,133,161,0.9048993990604778,0.49999975063040636,1,1,1,1
77,1387,266,23,159,550,1036,81,44,1387,159,550,1036,153,153,0.9054979957619532,0.49999974009353515,1,1,1,1
73,1566,326,23,246,548,1093,97,32,1566,246,548,1093,114,167,0.9041248489082961,0.49999979611443035,1,1,1,1
89,1546,268,58,167,510,810,131,72,1546,167,510,810,115,148,0.9041723296466183,0.49999979080513246,1,1,1,1
86,1540,285,35,181,496,848,110,59,1540,181,496,848,100,150,0.9033549332319981,0.4999997891718671,1,1,1,1
96,1514,277,38,215,555,970,126,50,1514,215,555,970,111,148,0.9039770113654614,0.4999997818685662,1,1,1,1
87,1491,271,47,158,521,935,107,36,1491,158,521,935,110,170,0.9039258492063404,0.4999997750869177,1,1,1,1
89,1449,265,40,142,521,923,144,58,1449,142,521,923,126,164,0.9046425512590116,0.4999997618595152,1,1,1,1
63,1473,309,30,158,554,1019,84,18,1657,178,623,1146,109,147,0.903873700904011,0.4999998178936929,0.8889559444779722,0.8876404494382022,0.8892455858747994,0.8891797556719022
74,1451,302,35,177,529,1105,116,38,1451,177,529,1105,110,187,0.9039258492063404,0.4999997625155493,1,1,1,1
75,1454,239,60,10,270,463,181,58,2804,19,521,893,600,135,0.9082917358396152,0.4999999364063158,0.5185449358059915,0.5263157894736842,0.5182341650671785,0.5184770436730123
62,1336,160,84,40,568,593,296,76,1433,43,609,636,587,86,0.9082722456368886,0.4999997565119657,0.9323098394975575,0.9302325581395349,0.9326765188834154,0.9323899371069182
75,1689,238,95,44,459,427,255,168,2073,54,563,524,453,137,0.908002231477354,0.4999998836486571,0.8147612156295224,0.8148148148148148,0.8152753108348135,0.8148854961832062
58,1523,173,93,50,373,363,188,78,1623,53,398,387,430,106,0.9079380080966883,0.4999998101839356,0.9383857054836722,0.9433962264150944,0.9371859296482412,0.937984496124031
33,1695,187,104,12,79,137,21,21,7041,50,328,569,997,194,0.9086337760204183,0.49999998991440986,0.24073285044737963,0.24,0.24085365853658536,0.24077328646748683
38,1156,182,69,31,358,786,193,76,1561,42,483,1061,618,94,0.9083173028008831,0.49999979480621703,0.740550928891736,0.7380952380952381,0.7412008281573499,0.7408105560791706
35,1329,210,110,31,218,584,529,76,2563,60,420,1126,905,127,0.9085824056714377,0.4999999238845548,0.518532969176746,0.5166666666666667,0.5190476190476191,0.5186500888099467
52,1300,202,33,125,529,962,52,52,1300,125,529,962,184,179,0.9061579384917032,0.49999970414201184,1,1,1,1
90,1325,219,42,122,552,747,207,60,1988,183,828,1121,122,132,0.9044818582246311,0.4999998734863912,0.6664989939637826,0.6666666666666666,0.6666666666666666,0.6663693131132917
86,1454,270,38,133,503,816,156,56,1454,133,503,816,122,117,0.9044818582246311,0.4999997634945292,1,1,1,1
82,1482,297,41,102,509,733,138,44,1482,102,509,733,116,130,0.9042189511918559,0.4999997723468851,1,1,1,1
91,1467,310,39,120,501,918,166,74,1467,120,501,918,147,122,0.905336356027572,0.4999997676676011,1,1,1,1
81,1367,311,32,117,491,1090,45,45,1367,117,491,1090,92,156,0.9028039489816532,0.4999997324327376,1,1,1,1
31,1116,157,62,15,262,969,290,168,2870,39,674,2492,1026,79,0.9086479687679327,0.49999993929755127,0.38885017421602786,0.38461538461538464,0.3887240356083086,0.3888443017656501
