Bat_H,Bat_2B,Bat_3B,Bat_HR,Bat_BB,Bat_SO,Base_SB,Pitch_H,Pitch_HR,Pitch_BB,Pitch_SO,Field_E,Field_DP
-1.9068252388561706,-1.4380879078818978,-0.8523780590431179,-0.08896946811824977,-0.5759327669320377,1.4873122438671234,-0.6742105678982545,-2.1590280220376257,-0.2120721006999275,-0.6806898001776663,0.5918165194683529,-0.5251470257371214,0.33261158028442434
-1.7968429101010324,-1.8727925977111717,-1.1335416102602847,-0.0021323332538679966,0.02544136149787995,0.9005964998641021,-0.8766494225928215,-2.0526311338409444,-0.12335861588247607,-0.148066572782175,0.2894431410016154,-0.6336865538768115,0.6744657081074585
-0.40500157283883376,-1.1518092193609137,-1.1335416102602847,0.08275224090257334,-0.03949549601991105,0.44901019250050667,-0.7468875375750422,-0.805154031682204,-0.03663988210085224,-0.19940701520657214,0.056710887227041804,-0.2267139188146696,0.20795217686972817
0.5195560782345632,1.2927967095551993,-1.1335416102602847,1.070702260083365,-0.24661465759407789,0.8413127314248232,0.6007596799075703,-0.07633067061627016,0.9726574555401826,-0.3721740482589798,0.25889029912810296,-0.904939647332811,0.2492901020665426
-0.0641442286248419,-0.7267939366641638,0.6555529682638135,-2.0694336702329696,-2.302610596154928,-1.2720074309557357,-4.3619289904812583e-16,2.758427500052054,-1.8419047373675606,-2.5969809032378657,0.6763320350061465,1.612979909735712,-0.6827212859162713
-0.15730272496718442,-0.06051176415700182,0.14803992612776853,-1.8370909358399414,-1.9659344847038025,-1.4544812157256526,-4.3619289904812583e-16,2.2613878161798677,-1.6381912165966472,-0.9071466225531665,-0.11195300231267606,1.5687164088907595,-1.5169806911354604
-0.1640232000879366,-0.3987335071839228,0.22427483018266228,-1.0228362618880718,0.5355961746773703,-0.7701146953789954,1.9235109356613171,-0.05462380858390582,-1.0928739556672604,0.5115994672973874,-0.47666049113329423,1.46380302991679,-1.1847197209384438e-17
-0.47597632867164746,-1.7102242463021824,-0.3372312768519008,-1.122159883741974,-1.237275065105911,-0.4130250010929461,0.92774349664863065,0.2732923197040633,-1.1170363001603136,-0.9243800306443712,-0.15682275965054163,1.091711460886669,-1.5473723818773053
-1.4617209326534293,-1.282890917345059,0.9296034321127633,-1.3943872285551857,-0.41893490388519156,-0.07382989245885341,0.6204291276444486,-1.134249997149677,-1.4867057108765405,-0.28874856686959444,-0.11621517292671886,0.5638226585627694,-0.6098915975900038
-0.390922476759488,-0.5410379216949042,-0.3372312768519008,-0.5593405607659504,-0.5352510701316933,-0.5208124043007868,-0.9319522821924434,-0.3055675975870598,-0.610832690811538,-0.4028852833954725,-0.35884776359693304,0.16531651890019886,-0.11496619080523646
-0.1842383095141718,0.07590666351276766,-0.4404519995887264,-0.7263890669300856,-0.16670838372305674,-0.28058829540879743,-0.6276875539445875,-0.24845564690965366,-0.798071383387666,-0.11173491454340576,-0.24736507117054918,0.337862156251174,1.5406704192557406
0.2611927568375714,-0.0018512351047204583,0.22427483018266228,1.1380306096929644,-0.4525301115654759,-0.15364067423169087,-1.0492430123221617,0.07130313245351064,1.1631720890115396,-0.3721740482589798,-0.1782816599635018,-0.33079654431551964,1.3053759918566432
-0.23172239982639214,-0.31823367942860853,0.2975195193660987,1.425012903878476,-0.021032612488720296,0.1836242439687617,-1.6899150743827445,-0.28160366978020557,1.4632668432537375,0.009742296836116947,0.002274027690170462,-0.5892723830680509,0.8061763286578294
0.03378404348825352,-0.1391919104947743,-1.7469928103287358,1.2963519485883779,-0.09444972582451411,-0.11157937737175815,-1.8923539290773117,-0.08945666003381621,1.3216092346773685,-0.054180267314670086,-0.15682275965054163,-0.878206520709049,0.501829323696783
-0.29343085115922946,-0.8946950922978056,-1.7469928103287358,0.8209730313030538,-0.25540262813760056,-0.17471833712736187,-0.7468875375750422,-0.713017778803681,0.7175321548209035,-0.3798328446592974,-0.2647376245563714,-1.1675648338493623,-1.233047387949315
-0.13719473032322474,-0.9583658256885451,-1.0594202345742734,0.9887796718408178,-0.679587377266708,0.16714617895550854,-0.7974219196360179,-0.5859360502590096,0.8889647093479942,-0.7883167718261537,-0.08855225751542566,-0.40518306405901533,1.398867927850167
-1.1452819331827726,-0.7059939513296608,-1.7469928103287358,0.6620557775081546,-0.20240329188335884,1.2097531114541558,-0.22920897965581963,-1.3314256908626307,0.5850964964835658,-0.28874856686959444,0.47474674718899185,-0.2604621360983448,-0.8257052171802629
-0.057555637872357415,0.8454020781751143,-1.461017384491198,1.1647314646861369,0.5048337525584892,1.337443589844119,-0.3567112622913675,-0.42909327458867685,1.0958650661156557,0.24376293678651292,0.5403883207454646,-1.1675648338493623,1.029927512079289
-1.317942883811633,-1.6186218401538788,0.10872661873038889,-1.58108796810256,-1.056691773391279,1.82995181072499e-16,0.4982457323532711,-1.0756242392624062,-1.7029669540231425,-1.029188742212443,-1.7572898513200252e-16,0.9884050580132143,-2.131065209060815
1.4482479059473508,1.519704477512636,0.7701803410735655,0.45178220715241957,0.12927698049462089,-1.360456535595097,-0.1281101474741865,0.8696640297010261,0.44899579436317144,0.14878623611850117,-0.8207002095896345,0.6084370945964611,1.1209038780985399
0.4071080511590012,1.0441197267346607,0.6555529682638135,-0.7479987957842688,1.1850552541863155,-1.0747391357822895,-0.3567112622913675,0.25097438584883236,-0.8196344919960447,0.8551672588695881,-0.6587800693614063,-0.07075215385795919,0.4167920494367601
0.8470730397328611,0.9722073932648169,-0.5495127645074548,0.165829794926542,1.1964316485974462,-0.6120682920684999,-0.8766494225928215,0.5358725673019911,0.14782603243836215,0.8610898451246191,-0.4074972590293129,-0.24347371910147975,1.1209038780985399
-0.01167677818987604,0.3251543865486943,0.6257352316638731,0.2793431872739808,1.4748953743266997,-0.2339054673978794,-1.3164082436880165,0.009248343054873948,0.2930077056300052,1.0412757557278993,-0.19333910227099033,0.10473832998470634,0.20795217686972817
-0.5262407604502212,-0.278200494231182,-1.374007268772229,0.4824191815380161,0.1868377350330391,-0.12418469604775262,-2.486502977184227,-0.501075416732891,0.46431038161092925,0.16929756189803505,-0.16325408982968426,-0.1618723654443305,1.1209038780985399
0.3830936818756177,0.71734023315878,-1.5519430751571928,0.9750018755391697,-0.7030732511703551,0.7937455634699431,-0.14448296422668908,-0.17896407794035693,0.8748892066850713,-0.8135193761046661,0.2343757954257142,-1.5150591785961107,0.6744657081074585
0.6179548260146533,0.9180133610473911,-1.9626023380790036,1.1380306096929644,-0.3508756469466845,0.6982289625719315,0.3056059769981462,-0.003378454601492101,1.041440615304764,-0.4649245664304971,0.18514978162192908,-1.63329342749537,0.33261158028442434
0.279674866505901,-1.1518092193609137,-1.2105293861719344,-2.1883621519905585,-2.321942321264057,1.82995181072499e-16,-4.3619289904812583e-16,2.982827995340502,-1.9979664364353134,-2.2431534064210656,-1.7572898513200252e-16,1.889258588990098,-1.1847197209384438e-17
0.05957619651004464,0.45726539836182645,0.33308901145365627,-0.7917548707556831,-1.0427903081442649,-0.9842605536320522,-0.6507644380333943,-0.07197237809499321,-0.8853415302528739,-1.0380341787910705,-0.6242044758955725,0.6084370945964611,-0.07536097792699605
0.6293970030598339,1.4502835945956876,0.5954238807569208,-1.1477306364168631,1.2535851336462058,-1.1660099250556473,-0.24675831341613452,0.3208097436279388,-1.241778889619096,0.8433008075864986,-0.7215578469087401,0.5003188844580129,-0.6827212859162713
0.2980868306640417,1.275185605277251,-0.6650787224689587,-0.9747930652600447,-0.6952627274020131,-0.4431147283598578,-1.1438146539586767,0.1786379722906588,-1.0452624422746504,-0.5755384787360085,-0.3149189777370238,0.3279305232437437,-0.4989825695745294
0.8416178990811453,1.4850374244223616,0.33308901145365627,0.6620557775081546,2.2814247203473195,-0.4689616473714025,-0.49637421102167334,0.4601582799889385,0.6591024249374532,1.34046357598168,-0.34783941776501087,0.09219360260590315,-0.07536097792699605
0.5603221751216094,0.40082079044391533,0.36799021564696427,0.3585779581629905,1.2078261438747842,-0.7084033194136331,-0.45509396421524684,0.3530497575892032,0.3560402054721466,0.8670053638514539,-0.4587413091688731,-0.056233306368315396,0.7620606078156554
0.3830936818756177,0.8089431013095144,0.14803992612776853,0.4363845293659522,2.346633090858216,-0.04871838304032162,-1.0800936645340424,0.15525609781014812,0.4182163906649108,1.3726393734738644,-0.12261278749890855,-0.40518306405901533,1.1209038780985399
0.5834600094473525,0.6805141572156386,-0.10118231058070788,0.8915606952155184,2.912248958096107,0.06790295473731436,-1.7876414036844444,0.29170275627098646,0.9030034610585428,1.6025914730927673,-0.058868865047422544,0.09219360260590315,1.2589436393255902
-0.05097569864337497,0.40082079044391533,0.18654563243562022,0.9195242384077849,0.1771990237777851,0.9242562802036118,-1.3535077405700187,-0.4240305157587202,0.8466265873225334,0.016791878162825364,0.32597668529356105,-0.7510093036556216,0.2492901020665426
-0.03128761705890759,0.24901356344704823,-1.2105293861719344,1.6375554153258047,0.8090278596010639,0.6062010347890233,-0.9894244269469562,-0.501075416732891,1.5517589984441642,0.38932116138346257,0.13772171151909646,-0.2267139188146696,-0.6464176324193628
-0.7548010661781397,-0.0018512351047204583,-0.6650787224689587,0.6620557775081546,0.31378816017618255,0.7738886215583569,-0.517458774131219,-0.7300543551191789,0.6443888265268043,0.2370409308243674,0.3077274401916959,-0.6113080169496213,-0.03553815351126117
0.6465080376998342,0.40082079044391533,0.2612568765830426,1.7712967754017652,0.16757841338873816,0.8294327109977169,-0.582596246850796,0.059034238709299795,1.7006702669089302,-0.01856128583898705,0.2650088405159035,-0.6795043247079472,0.6309870440453836
0.7423026266477608,0.24901356344704823,-1.374007268772229,0.7349319149678454,0.5253239331048696,0.30257238329893077,-1.0492430123221617,1.861492561206697,1.5517589984441642,1.8324845082491574,0.7679727810436776,-0.5892723830680509,0.587721250192576
0.8525216940960428,0.38194810266968215,-0.19212652282783932,1.3610378938820675,-0.12168247903302047,0.5539666525487281,-1.3915709677429333,0.1669799570480254,1.2692665719186988,-0.26625274472921767,0.11080188400200897,-0.46384377852667197,-0.754660081424496
0.267361279168582,1.519704477512636,-1.8519731066658554,0.8775214893406552,0.8630136930635898,0.018035053373942973,-1.280224878035926,-0.22506094878362873,0.789645055143762,0.44762657485959534,-0.15682275965054163,-0.7510093036556216,-0.03553815351126117
0.6918334966053201,1.310385030988794,-0.4942132841776404,0.5731070691431859,1.1284447951237675,0.08863228102770096,-0.6049684654513837,0.050815848808129255,0.46431038161092925,0.5747428500124525,-0.12901565536298965,-2.036228848535199,-0.9305911267583676
-2.8029226763111867,-2.6839907272899874,-0.8523780590431179,-1.9686490694711842,-2.3719007119955142,1.82995181072499e-16,-4.3619289904812583e-16,2.812229141441024,-1.4579203996718912,-4.553557139096701,-1.7572898513200252e-16,1.9476575652662569,-1.1847197209384438e-17
0.9120321410832144,-0.8735587365527977,1.76603017326664,-0.4792960031808272,3.1361204713448982,-0.45603171531912473,2.486553054086754,1.1482829697261085,-0.37734415335193533,2.236856997165971,-0.1482560397798857,1.4323599012229276,-1.1847197209384438e-17
0.3710412958278292,-1.3269783476978687,0.7137674141529605,-0.14207737741208606,1.0388093056664571,-0.4001506103414929,2.0280850178725878,0.8347713660566428,-0.002476972102575448,1.2207071241826517,-0.1268807807764646,1.325112731138654,-1.1847197209384438e-17
1.1629204987559185,-0.04092528960505205,1.7501228216479914,-0.927725839585019,0.7982849955071799,-1.6601207499267183,1.7534243642586567,1.5014827622906117,-0.8196344919960447,1.3458403808058657,-0.806419745509548,1.528049406951259,-1.1847197209384438e-17
1.593356960312292,-0.5205948947934677,1.5288468662481367,-0.3440250224898389,0.11974687443660918,-1.2119558311124972,1.7489086384830725,1.6014244257766344,-0.15859562713850905,0.7714981583752583,-0.5533906069302243,1.478535479236806,-1.1847197209384438e-17
-0.9700056956427631,-0.2981992148057301,0.7137674141529605,-0.6001894067675466,-0.8180590037506387,-0.12418469604775262,0.8546637180112687,-0.7934636276202987,-0.6719572080725709,-0.7383268089273111,-0.15253820491300055,0.9127425940583558,-1.666605738421245
-1.1777588841528268,-0.7059939513296608,0.7137674141529605,-1.5483308911650961,-0.6559385955671976,-0.3231666419542429,0.4551440411177738,-1.0181585194532943,-1.67023798386943,-0.5755384787360085,-0.26908727833561374,0.8983912167106768,-0.7902945317296488
-0.23172239982639214,-0.0801314643921629,0.7137674141529605,-1.047246820752158,-0.5515780514504521,-1.1476903628395285,0.3056059769981462,-0.28160366978020557,-1.1414477717257208,-0.4727382520016822,-0.7122120790686357,0.6438059803337413,-1.1008919513059339
0.2611927568375714,0.5693877766647997,0.18654563243562022,-0.21414431501180625,-0.8480340381895131,-0.8900674276102447,-0.8497614782166497,0.07130313245351064,-0.2663275492725153,-0.7967021114773156,-0.5738628275101983,0.07949999754478097,0.9847550985586764
0.9972258594994546,0.9361030185472444,-0.5495127645074548,-0.14207737741208606,0.03479045889382115,-0.9527727802647714,-0.45509396421524684,0.5583114823261744,-0.1941619896667051,0.051883646899577675,-0.6081398754850414,-0.2604621360983448,0.6744657081074585
-0.433275137017732,-0.0018512351047204583,0.027543310167153636,0.8775214893406552,-0.13072386170344183,1.337443589844119,-0.49637421102167334,-0.8286862986499878,0.7753024944504152,-0.2737393254532912,0.51457930245758,-0.1307113480757448,-0.03553815351126117
-0.9700056956427631,-0.7267939366641638,-0.2876297585771454,0.6620557775081546,-0.8255799136596679,0.6021886733043523,-1.280224878035926,-1.2895614298685507,0.5551810661560986,-0.9503542439891182,0.13565387660900496,-1.0456924839130872,0.04475914481914289
-0.29343085115922946,0.229902999025393,-0.7255406004864647,0.31121439482659546,-0.3765336247951775,0.8333935859441647,-0.08006151979133913,-0.713017778803681,0.1967588113861462,-0.48840535382348843,0.2548090403617727,0.04049937691320484,0.04475914481914289
-0.23172239982639214,-0.3584107416696516,-0.3881492392188349,0.2633165771101414,-0.8105199929754024,0.44901019250050667,-0.3567112622913675,-0.6625543220441019,0.14782603243836215,-0.9330214835403474,0.056710887227041804,-1.1994372697931572,-0.23247315441815558
0.5949864340199778,-0.6645159362408193,1.5288468662481367,-0.998688217760539,0.5150697923985759,-1.341766578301261,1.793451638047731,0.9549559215342158,-0.9755122859579568,0.8847097039467969,-0.6842703083872838,1.3207811504247087,-1.067284423381121
-1.2846402016225686,-0.7267939366641638,0.7701803410735655,-1.649012683036407,-0.9935650024941931,-0.38300436783764397,1.2275459759092238,-1.1080489015371862,-1.770694021961833,-0.9764791066816496,-0.3017940187880841,0.7288275677216876,-1.666605738421245
-2.792215346983162,-2.5812157704659433,0.43588082721017435,-1.9686490694711842,-0.7341343375816525,1.82995181072499e-16,0.9973511298472872,-2.3720560332138008,-2.1323672375296225,-0.6399610322097247,-1.7572898513200252e-16,1.1055183494379304,-1.4863565581765736
-0.44036768090021655,-1.1518092193609137,1.0760728240253516,-1.5483308911650961,-0.592078739588726,1.82995181072499e-16,1.1547595903761585,-0.43924997788559217,-1.67023798386943,-0.5120060950315694,-1.7572898513200252e-16,1.0008360944291566,-1.4555004232431819
0.6064846711847693,0.24901356344704823,1.0043302684605595,-1.2264328062813874,-0.17565926206244284,-1.2812792070994696,0.8379166573914504,0.8211491535514119,-1.241778889619096,0.24376293678651292,-0.6819482031337785,0.337862156251174,-0.5361737327593593
-0.30033353600221335,-0.4189501102964988,0.6848922129803924,-0.8362623792755259,2.544973332321964,-0.33596642939536436,-0.6049684654513837,-0.33464487172669205,-0.930043072959346,1.4521999443337887,-0.27561668389700417,-0.48397603153052365,1.8298853348378155
0.32861865870352425,0.4384792834966138,-1.2105293861719344,1.070702260083365,0.5872288955329797,0.8135805031081995,0.1254238055525314,-0.17896407794035693,0.9864825318896354,0.2772326316527538,0.2568498932531331,-0.8519187687291944,-0.6098915975900038
0.1677156079824491,0.8454020781751143,-2.0794907717228055,2.099864115625965,-0.13072386170344183,1.2949713059798755,-0.3378032340855287,-0.34441591935488325,2.024057122157092,-0.2737393254532912,0.4926905290703033,-1.716259226276394,0.8061763286578294
-0.03128761705890759,0.2680938176061304,-1.6471351313919556,1.6005810487912335,-0.671722550899745,1.1864474918719057,0.48758858098297153,-0.501075416732891,1.5139857012329845,-0.7799468748041944,0.43676103910632835,-1.9874527694917281,0.7620606078156554
1.0600824737946752,0.40082079044391533,1.2754784262160015,-1.3084672364790195,-0.23780858618434816,-1.886086906803825,2.2171990966164237,1.4568982747885313,-1.2675873752782365,0.5621793756267037,-0.948704373477752,1.0666792169735286,-1.1847197209384438e-17
-0.12383374630901116,-0.747634947796789,1.0285646852751706,-0.8588124742064198,-1.1047767244703068,-0.10738007793376851,0.7150007692809629,0.443284336311378,-0.841364122636723,-0.7549292031388323,0.01067197868913258,1.3272620453149404,-1.067284423381121
0.8633995909781124,-0.4189501102964988,1.189597861525299,-1.4541777024381077,-1.31329870317552,-0.7216000259635302,0.6398380452260468,0.9599790053626142,-1.5159554411783822,-1.1004463545087393,-0.3566446828733855,1.2291825235689673,-0.4239374264387461
-0.7472723270036863,-1.4828969110425563,0.8780071925502069,-1.3943872285551857,-0.0670540648201443,1.82995181072499e-16,1.6164641863920604,-0.6239633056156761,-1.5159554411783822,-0.004388372371876217,-1.7572898513200252e-16,1.0882043043321021,-0.7902945317296488
0.03378404348825352,-0.9796776837214444,1.6173147691471212,-1.424010585700885,1.0054946614123819,-0.3274318804909187,1.66515145076164,-0.04599997803659592,-1.5456969243634142,0.7291259291051804,-0.2625637790877597,1.0404737884327597,-1.233047387949315
0.9760772276909991,0.3061640639267691,1.858511653033581,-1.0228362618880718,-0.3164115976884617,-1.5830185572460715,-0.8766494225928215,0.5455230901407114,-1.1170363001603136,-0.24386464470009186,-0.9462563992912184,0.26606884459144775,0.8505038900514508
-0.14388850810690698,0.037092244410059226,-0.014398869015309679,-0.8362623792755259,-0.40202869484780707,-0.8856020143126718,-0.9319522821924434,-0.22040993075524853,-0.930043072959346,-0.32648418192749207,-0.5715846969444806,-0.8260655243452928,2.53357344358264
-0.09721756499441243,-0.1391919104947743,-0.05729335900249006,1.0162276701225625,0.723591771103789,-0.11577991207995682,-1.0190285015808818,-0.1835327243273885,1.0277518369584,0.5306284761142656,-0.15896593562632866,-0.4440050186034874,2.585371510816305
0.15511592014206105,-0.5615195569285198,-0.787933298726707,1.9843577372621417,0.40346890179901057,0.38002358310344314,-1.0800936645340424,-0.003378454601492101,2.0474217887257726,0.32370254377210955,0.10872769917724168,-1.0456924839130872,0.29084332938185103
0.7143319545935463,0.7906748356863332,-0.6650787224689587,0.2953088587267585,-1.084277493490823,0.9360747759520284,-0.7468875375750422,0.06722129996867915,0.18050959338154476,-1.2743925457990164,0.3077274401916959,-0.4440050186034874,-0.15435349281390756
0.6293970030598339,-0.2981992148057301,-0.3372312768519008,1.230926623297324,-0.3508756469466845,1.3413002432371768,-0.31913607903787355,0.005047513813227066,1.1363438972401099,-0.4649245664304971,0.5165668907027458,-0.04189589030778445,0.4167920494367601
-0.47597632867164746,-0.278200494231182,-0.1461106880017512,0.6620557775081546,1.2880944350699464,1.0264342825839052,0.5908250530105229,-0.46482497469665285,0.6591024249374532,0.8610898451246191,0.4547720617120868,-1.1362691491844847,0.08523303217562483
-0.23854216879559825,0.21076195514426188,-1.2906029150022127,1.1380306096929644,-0.22898441390841143,1.2019876623245687,0.34149393858623556,-0.6681139942688125,1.041440615304764,-0.3568941990803925,0.4447699154484919,-0.878206520709049,-0.6464176324193628
-1.2515346688696172,-0.8314149941102948,0.43588082721017435,-1.5162941607733351,-1.056691773391279,1.82995181072499e-16,0.9356429866931509,-1.0756242392624062,-1.6381912165966472,-1.0557775992314016,-1.7572898513200252e-16,0.8429001657936848,-1.666605738421245
-0.34891402448962605,-0.7894411893432625,0.6555529682638135,-1.8370909358399414,-1.007719879868106,1.82995181072499e-16,1.0492930892246892,-0.27683971416089487,-1.9569093917851088,-0.9416795306981576,-1.7572898513200252e-16,0.7994648573566768,-1.067284423381121
1.0287640019687707,2.1296811219211773,-0.05729335900249006,0.2793431872739808,0.38341314204159943,-1.0929285848199255,-0.8497614782166497,0.580476356036891,0.24514579195046163,0.31047109926021166,-0.6819482031337785,0.10473832998470634,1.0753105199353024
1.2084320507199728,1.8786525460643597,1.0285646852751706,0.165829794926542,-0.23780858618434816,-0.4517246184941759,-0.5605604653667162,0.7254249784822373,0.14782603243836215,-0.148066572782175,-0.33026248531474217,0.16531651890019886,0.33261158028442434
1.852109401053877,2.42542721138336,1.1223526770060133,0.6473468855393315,0.26459905625852487,-0.9168975754640043,-0.517458774131219,1.0734888114196046,0.6443888265268043,0.22356861568051903,-0.5875498743868379,0.24454063111390137,0.587721250192576
0.49022108080358723,0.8454020781751143,0.14803992612776853,-0.250745905544732,0.24505012075491112,-0.3487784713508105,-0.9894244269469562,0.22840708959922598,-0.3029508151063674,0.21005836362671956,-0.2843318013323761,0.02718340714045344,2.4819791054572424
0.11076091388020694,-0.3383041127047986,0.10872661873038889,1.0298985202786115,1.5461403837176475,0.33522888707079174,-1.0492430123221617,-0.037409550583266823,1.041440615304764,0.9953962216642498,0.08379879900940007,-0.1154318113244437,0.004501985560149122
0.2177927443248998,-0.1985586433448344,-1.8519731066658554,0.7204442328675776,-0.4104908497996029,-0.43881192932961915,-0.6980379523130772,0.03842917384781158,0.7175321548209035,-0.3340680905476398,-0.33245716910485085,-0.6795043247079472,1.1209038780985399
-0.6062154358091788,-0.8314149941102948,-1.8519731066658554,1.0298985202786115,-0.0670540648201443,0.6142229437101225,0.15256072654208178,-0.9742454623880875,0.9309720411455513,-0.22158311306306389,0.14185593107433775,-1.1994372697931572,-0.7902945317296488
0.19281824792219018,-0.3383041127047986,-0.1461106880017512,0.21486279842520234,0.19649454715450015,-0.061268694484912144,-0.16104078847322,-0.28160366978020557,0.11489007129213451,0.002682225054476039,-0.19764676553216803,-0.7267921757165697,-0.07536097792699605
0.020837554822094376,-0.278200494231182,-0.9190077089481469,0.3428481850334093,1.4512918447927068,-0.3445064247353817,0.6301657206396456,-0.4596889188502451,0.22907613474801716,0.7473300741706873,-0.352240641474184,-0.9321293780295712,-0.7188022169994533
0.4666219567063282,1.7259259214036957,-1.0594202345742734,1.5758081373555723,1.2078261438747842,1.4144369875752787,0.5503989897634122,-0.11594065178101368,1.4886775043888136,0.6184624554816054,0.5542590861169804,-1.3330199704323258,-0.07536097792699605
-0.2249117497985392,-1.664308536880439,0.7701803410735655,-1.1998518806374558,0.09126516145981639,-0.8543937868730755,1.5813942630402076,0.6270702691557761,-1.1661175993222288,0.6617951532271014,-0.365461262251581,1.3888720056733466,-1.1847197209384438e-17
2.1239300049879835,1.1512611478168395,1.7974119232717032,-0.5593405607659504,-1.294537155351913,-2.7489084969099604,2.054021125999305,3.2126530771753092,3.051180445811614,5.728725593413068,-0.11408379767602167,1.8971504887085306,-1.1847197209384438e-17
-0.3698754920163242,-1.4604658950858815,0.5954238807569208,-1.3084672364790195,-0.7030732511703551,-1.611847526453445,0.6779012723989614,0.4635150013934483,-1.3201625854485983,-0.1407777794164992,-0.8374124446751551,1.2915103948829427,-0.573143519399213
0.24883217896320572,-0.9370983213826763,1.0043302684605595,-1.758151106926579,-1.338060688146764,1.82995181072499e-16,1.092394780460185,0.22840708959922598,-1.8790320519284596,-1.3878813329569044,-1.7572898513200252e-16,0.9174559092188705,-2.080024831629562
-0.0378417054953189,-0.31823367942860853,0.46891383154299443,-1.484925204212104,-0.7649058101336371,1.82995181072499e-16,1.6263319129373488,-0.05462380858390582,-1.606779332313938,-0.6480778486654261,-1.7572898513200252e-16,0.9221346221815656,-1.8662085926134648
-0.47597632867164746,-0.7894411893432625,0.8780071925502069,-1.2264328062813874,-0.2729242666260247,1.82995181072499e-16,1.4376693523062187,-0.46482497469665285,-1.3201625854485983,-0.20678740222529643,-1.7572898513200252e-16,0.9670982816765823,-2.131065209060815
-0.07734743424590095,-0.4189501102964988,1.3969615354696112,-1.3652747977706237,2.25546807820641,-0.6513853907108378,1.3922284443865982,-0.16985385544324974,-1.4867057108765405,1.3296928518225644,-0.4453345321303913,0.8481403691085765,-1.265515613819708
1.9419393740972475,0.8454020781751143,1.5288468662481367,-0.49910853122732524,1.0499503888168962,-1.3557805295790373,0.04086081530624938,1.1504898116889695,-0.5508803972541888,0.7533832087082405,-0.8183173135526032,0.6972478712831043,-1.265515613819708
1.007763126513287,1.0620367423189856,1.3169077581464539,-0.998688217760539,1.2078261438747842,-1.1385429990741527,-0.08006151979133913,0.5678440094416042,-1.0928739556672604,0.8194822521146248,-0.7075452169529488,0.404565863593442,0.4592037212444658
0.986663922646408,1.1156430687507972,1.5288468662481367,-0.6416261469783511,1.117177005909879,-1.1385429990741527,0.6106274064528586,0.5867594674217329,-0.7133993567003375,0.7955484564278987,-0.7005523931877843,0.5246985954119281,1.5406704192557406
0.6179548260146533,1.0977982998073779,1.0285646852751706,-0.5190514114142623,-0.12168247903302047,-0.6689005811706642,-0.45509396421524684,0.31357298715112913,-0.5907222309176792,-0.07568113208493821,-0.4542692993292618,0.20003235593624707,1.2127206776470285
-0.5046395865021517,-0.2184165864377667,-0.4942132841776404,-0.14207737741208606,0.20616946014216825,-0.8856020143126718,-1.280224878035926,-0.48547535177318146,-0.1941619896667051,0.18292308155333906,-0.5715846969444806,0.3670409648489055,0.04475914481914289
0.6179548260146533,0.6250735355844508,-0.1461106880017512,0.4209332003756323,0.1771990237777851,-0.3061192004069895,-1.6433920604290768,0.31357298715112913,0.40275041600957295,0.16247022410551934,-0.2603905863278558,-0.5675719521415236,0.3745945783911301
-0.25905637610318566,-0.6645159362408193,-0.9190077089481469,1.1913039467139406,0.9833754029073671,0.2821280682544379,-1.470798470699737,-0.30075550584949406,1.2164591148707016,0.6925144280699959,0.05462364196489015,-0.7510093036556216,-0.3860840956913338
-0.27965332833985773,0.34411505987058705,-1.8519731066658554,1.6498315527266108,0.31378816017618255,2.1953856720039355,-0.1777878490930397,-0.7017202962896372,1.5643003948251502,0.0658481326142984,0.9567335288662634,-0.6336865538768115,0.3745945783911301
0.31032270410123053,0.2680938176061304,1.4547013636675097,-1.122159883741974,-1.7630328249558782,-0.9707546015057552,-4.3619289904812583e-16,2.335866025707692,-0.570739058383478,-0.2289985197691255,0.29147647347524813,1.6445439674674955,0.2492901020665426
-2.0567360079260526,-1.5505125877697237,0.6555529682638135,-0.8362623792755259,-1.5751729850260123,1.2213955107152883,-4.3619289904812583e-16,0.6116738747947881,-0.5508803972541888,-0.8051029580128211,1.3220938180894237,1.7100838716224194,-1.1847197209384438e-17
0.04024465976719304,1.5715439963285072,-1.0594202345742734,1.1647314646861369,-0.3850500823455944,1.7347184803137372,-0.14448296422668908,-0.44434397884827,1.0687184141145605,-0.49625887134202823,0.7193212955592395,-1.5930783519579366,1.1209038780985399
0.020837554822094376,1.0261784003578769,-0.6650787224689587,1.4377249663430698,0.76616500842277,1.1747842217095363,-0.14448296422668908,-0.4596889188502451,1.3476106749235803,0.3631805574535758,0.4307501855728875,-1.6743450701130573,-0.46157035878969954
-1.1614965838765354,-0.04092528960505205,0.5332562191809807,-1.336643718964573,-1.2113546246974158,0.4409091490708822,0.39942052646875437,0.6362442426582796,-1.2675873752782365,-0.4028852833954725,0.6115304259371263,1.6063868285329583,-1.1847197209384438e-17
-0.15730272496718442,0.45726539836182645,0.33308901145365627,0.4824191815380161,0.776853569918033,-0.13259444738976542,0.6684777553272959,-0.6021651209014514,0.3716629381784317,0.36972896883280953,-0.24302840167577355,-0.24347371910147975,0.12592335788252057
0.0916287108050802,1.2222145550548607,0.36799021564696427,0.165829794926542,-0.13974714350765613,-0.26359429537959206,1.1547595903761585,-0.40388276344105895,0.04823278601615354,-0.2812379183492705,-0.31054127655630337,-0.33079654431551964,0.20795217686972817
1.0392277848354952,0.5134530443260665,0.36799021564696427,0.4363845293659522,-0.04869978648619585,0.009707434884946742,0.92774349664863065,0.29901962367763085,0.32463358347987914,-0.20678740222529643,-0.1696908419709515,-0.5044082325779666,0.08523303217562483
0.8796680822983229,1.0441197267346607,0.33308901145365627,0.6913384763359348,-0.6161619420772058,0.21241870973818636,0.4441675714078993,0.18637364599476294,0.5850964964835658,-0.7217846777134117,-0.06522033192041866,-0.8260655243452928,-0.30971751763844496
0.2053214515849515,0.5693877766647997,0.10872661873038889,0.4671268801504936,-0.9362214583502595,0.5136765856333192,0.11166453211749248,-0.3152209222603546,0.3560402054721466,-1.082525276298367,0.09003775115508063,-0.7756208161647086,0.3745945783911301
0.12347461002245369,1.4502835945956876,-0.23928119690805785,0.21486279842520234,-0.11262299549639207,0.722156540013357,0.13905508389166849,-0.33464487172669205,0.11489007129213451,-0.23642568297450162,0.20774467613319583,-0.9321293780295712,0.587721250192576
0.8306881117032733,1.0620367423189856,0.10872661873038889,0.9750018755391697,0.23530280430241482,0.9360747759520284,0.38801695253990254,0.1902306361101002,0.8889647093479942,0.03085970929851707,0.3198974736645587,-0.8519187687291944,1.8788124246767643
-0.2659128078451088,0.8635930443529601,-0.3372312768519008,0.8067360719535417,0.10074096491920694,0.8690025135522597,0.5193302954628154,-0.690470684187419,0.7029875676569888,-0.09006960595503198,0.2731606729103987,-0.7510093036556216,0.20795217686972817
-0.0641442286248419,0.9361030185472444,-0.787933298726707,0.6029441166695346,-0.7572400932949515,1.2097531114541558,-0.9040399743669969,-0.5272917653068218,0.4947921388321941,-0.8728758280311881,0.44877196433268335,-0.878206520709049,0.6309870440453836
-0.6429731489522433,-0.810406999263151,1.0043302684605595,-1.2264328062813874,-0.8777194587690746,-0.8543937868730755,2.005482741676032,0.07944350000096587,-1.241778889619096,-0.48056516430475443,-0.4341832908794718,1.578343397539936,-1.1847197209384438e-17
0.7087175376105109,-0.8946950922978056,1.5288468662481367,-1.1998518806374558,0.08180745886663289,-1.886086906803825,1.6214063558475247,0.5961430938899747,-1.2675873752782365,0.2370409308243674,-1.0779488300124234,1.144918916975512,-1.1847197209384438e-17
-1.9068252388561706,-1.4828969110425563,0.2612568765830426,-1.6146254860022078,-0.671722550899745,1.82995181072499e-16,1.1615279712525781,-1.5723010652540594,-1.736431835747928,-0.5675488202392851,-1.7572898513200252e-16,1.201722280948306,-1.8937746808451081
-1.6092355962960523,-1.7795361442659463,0.6848922129803924,-1.484925204212104,-1.158644902302487,1.82995181072499e-16,0.43310825963369404,-1.0244872670208163,-1.5759603738483747,-1.0557775992314016,-1.7572898513200252e-16,0.9267791066331779,-1.5775311850990752
-3.0320538197994122,-2.7359002650467183,0.5013658961370911,-1.2264328062813874,-1.338060688146764,1.82995181072499e-16,0.28118288072966324,-2.6795630988278667,-1.3201625854485983,-1.474962444764064,-1.7572898513200252e-16,0.7531522026311582,-2.4607831921150742
-1.6710978405615806,-1.3269783476978687,0.9039895895110904,-1.3084672364790195,-0.4941168516761727,0.15065045720493228,0.7058135802244079,-1.4313747685290537,-1.4295746793738293,-0.4105949372656996,-0.014547452100358755,0.7036716652827207,-0.6464176324193628
1.1323176419900303,0.15315423025729244,0.9797644843016189,-0.53912769573398,-1.2308221063030977,-1.6552805502897687,-0.24675831341613452,0.6453707244468253,-0.610832690811538,-1.3024922104515537,-0.9855866154257777,0.5085233866260668,-0.07536097792699605
1.4339402456337904,0.49475212817138875,1.0993624827159933,-0.3630013947979574,-0.4441584609447154,-1.318456462890909,-1.3535077405700187,0.8616784533622316,-0.41514311532358555,-0.34166436592570093,-0.7969217953275014,0.5246985954119281,-0.3860840956913338
-0.433275137017732,-0.6645159362408193,0.9296034321127633,-0.927725839585019,-1.007719879868106,-0.787806447388766,0.19234647872175506,-0.3838989246252191,-1.021797393917965,-0.9677539588871423,-0.5103956435698833,0.657518728430453,-0.8958538738715298
0.9972258594994546,1.1156430687507972,0.797743931946279,0.2793431872739808,0.19649454715450015,-0.9752547124493606,-0.21186733519561896,0.5961430938899747,0.26115711919040785,0.19650993345252812,-0.6127252445605763,0.3670409648489055,-1.0334501997460113
1.5656547601191957,1.4676714041465115,0.9039895895110904,0.6325923132685727,-0.0670540648201443,-0.5859267674641289,-0.8233580277627337,0.9064122387470256,0.6296318886548103,-0.03277672878638781,-0.40971699052902943,0.09219360260590315,1.2127206776470285
1.0024975712356994,1.1867846857489197,0.22427483018266228,-0.07143816799597072,0.7024137576415408,-0.48622182892656995,-0.7468875375750422,0.6331915450219687,-0.08844052222080226,0.5684651525238317,-0.339045380364095,0.2553636040201579,0.08523303217562483
0.1043917502449376,0.71734023315878,-0.6650787224689587,-0.4206117410105239,0.89562240353559,-0.8499425133094834,-0.21186733519561896,-0.04170059995750393,-0.49202522449844927,0.6370805384022514,-0.5533906069302243,-0.42445347925477445,0.4167920494367601
-0.5624419681267703,-0.1391919104947743,-2.787950845118185,0.6620557775081546,-0.3164115976884617,1.0460201241844767,0.6684777553272959,-0.9371390431172052,0.5551810661560986,-0.4338010921681224,0.3643895405896293,0.10473832998470634,-1.1008919513059339
0.07242212682164524,-0.4798236547181056,-0.7255406004864647,1.057135505836387,0.12927698049462089,1.7574121877528988,0.5503989897634122,0.35659943306069775,1.2297053479841982,0.38279924394574477,1.0082184723623495,-0.40518306405901533,-0.4989825695745294
-0.03128761705890759,-0.25823729549366786,-1.0594202345742734,1.6375554153258047,0.21586247399604339,1.533206493293409,0.05529789617023473,-0.501075416732891,1.5517589984441642,-0.004388372371876217,0.615468857748114,-3.3090115234620963,-0.11496619080523646
0.12347461002245369,-0.31823367942860853,0.2975195193660987,-1.5483308911650961,-1.7771786518966877,-1.388562304663267,-4.3619289904812583e-16,2.388291305144171,-1.191055613992527,-0.09006960595503198,0.006474063538216877,1.7321573565659092,-2.3254328897493988
-0.8459814507149768,-0.2184165864377667,-0.014398869015309679,0.5128491382753851,-0.12168247903302047,0.8215083509717371,0.11166453211749248,-1.1806698955086956,0.40275041600957295,-0.26625274472921767,0.24868379369979554,-0.8260655243452928,0.8505038900514508
0.0013544298720945592,-0.11947133638572974,-0.6650787224689587,0.14935247853025702,-0.671722550899745,-0.12418469604775262,-0.9319522821924434,-0.42909327458867685,0.04823278601615354,-0.7549292031388323,-0.23003377155676477,-0.5892723830680509,0.3745945783911301
0.14248381823580067,0.6250735355844508,-0.7255406004864647,-0.10658546281219507,-0.021032612488720296,0.2984856222674264,1.4037214590243925,-0.3640772267580104,-0.2300687363589263,-0.1846809724582811,-0.020864366733410657,-2.2428612990297103,-0.07536097792699605
-0.19099463466136868,0.017636731155052442,-1.461017384491198,0.5880494628295524,0.40346890179901057,0.91243019794552,0.4982457323532711,-0.629441533964677,0.47957564591867163,0.12818649899099613,0.2955418272993795,-0.7267921757165697,0.004501985560149122
-1.4960886620713432,-1.1518092193609137,0.43588082721017435,-1.7969022753363082,-1.547885929218885,0.4409091490708822,0.7241307169126983,-1.1080489015371862,-1.9173209001133837,-1.7995031916324846,0.17486068640277028,1.118980272390357,-1.5473723818773053
-1.4190519141070224,-2.1103644407684627,0.9548585738716872,-1.8789230886011732,-0.9935650024941931,1.82995181072499e-16,0.8957126725980527,-1.1015350722280526,-1.9979664364353134,-0.9243800306443712,-1.7572898513200252e-16,0.9583623954323239,-1.810362465318739
1.3519550086634806,1.310385030988794,1.189597861525299,-0.4012923646345058,0.9833754029073671,-1.2488668641615104,0.16594302826784033,0.8129211302473711,-0.4533644732571433,0.7169523404898097,-0.7591046078148903,0.26606884459144775,1.0753105199353024
0.03378404348825352,0.6620609548490084,0.5954238807569208,-0.45961089305826525,0.23530280430241482,-0.13680119134255944,-0.8766494225928215,-0.08945666003381621,-0.5311435737685546,0.20328893597347153,-0.1696908419709515,0.5326714778485148,0.9397935251101525
-0.7397541920822215,-0.04092528960505205,-0.1461106880017512,-0.6625744713023419,0.9833754029073671,-0.28484011042314333,-0.9894244269469562,-0.6681139942688125,-0.734338321672921,0.6925144280699959,-0.2495343721999138,-0.5892723830680509,0.501829323696783
-0.8078010868929745,-0.25823729549366786,-0.4404519995887264,0.4671268801504936,0.3934319714872015,0.26575362022390314,-2.8547670407317143,-0.7186845563190596,0.44899579436317144,0.3170913606075904,0.04626953064902045,-0.6336865538768115,0.8061763286578294
-0.397957234275988,0.34411505987058705,-0.3372312768519008,0.9473370296112302,0.3934319714872015,1.0577618939955706,-0.09590331575364429,-0.7993025484748448,0.8466265873225334,0.1213001243552858,0.370440850177362,0.013704811533233757,0.4167920494367601
0.11076091388020694,0.38194810266968215,-0.10118231058070788,-0.10658546281219507,0.9174520481812919,-0.09478956951241703,0.011552801256119334,-0.3888796145955723,-0.2300687363589263,0.454061893466953,-0.2235450508996311,-0.40518306405901533,0.9847550985586764
0.5487105525573509,0.3251543865486943,-0.1461106880017512,0.3898669345449681,0.11974687443660918,-0.057084050516924945,-0.582596246850796,-0.05462380858390582,0.2771108508570137,-0.07568113208493821,-0.2041129063184726,-0.6564159296276696,2.53357344358264
-0.01167677818987604,0.8089431013095144,-0.3881492392188349,0.8209730313030538,-0.10354541109355661,0.2984856222674264,-0.5388511519366793,-0.48547535177318146,0.7175321548209035,-0.25131544720088383,-0.020864366733410657,-1.01655624821636,-0.34801068689871045
-0.057555637872357415,0.34411505987058705,-0.4942132841776404,1.5509349288177692,-0.11262299549639207,1.089037819706332,-0.2825003744859062,-0.5220267323817025,1.4632668432537375,-0.2587781329677493,0.38655940063130867,-1.075347464691154,0.8505038900514508
0.08523480245738786,0.9361030185472444,-1.0594202345742734,0.2953088587267585,-0.0670540648201443,1.1397522672199376,0.28118288072966324,-0.3200622081608203,0.1967588113861462,-0.177335235199692,0.43676103910632835,-2.036228848535199,-0.07536097792699605
0.5603221751216094,-4.956496961036111,-1.1335416102602847,3.968684231377172e-18,-2.382254407465947,-3.2821025532178387,-4.3619289904812583e-16,3.26530602023626,-8.81212630858606e-17,-3.0837114261132057,-0.3017940187880841,1.9343863713180356,-1.1847197209384438e-17
-0.5697122868294754,-0.8946950922978056,-0.9879681725347609,0.2472282063015949,-1.2565253363171085,0.91243019794552,-1.470798470699737,-0.9432896561510871,0.13139002908921274,-1.5241001958879217,0.2955418272993795,-0.07075215385795919,0.2492901020665426
-0.6208878219395835,-0.7267939366641638,-1.1335416102602847,0.165829794926542,0.3236802835583353,1.0146729979149862,-0.14448296422668908,-0.9867231378281169,0.04823278601615354,0.07281503548037159,0.3482342957846075,-1.2649762926116725,-0.4989825695745294
-1.0093515218269151,-1.393489281050866,-1.374007268772229,0.3898669345449681,-0.6638396236665748,1.2988361579572043,0.5297598900573629,-1.3244084679232013,0.2771108508570137,-0.7715923565695142,0.49468234258750243,-0.3128460528133574,0.9847550985586764
0.0916287108050802,1.5370056987366862,-0.3881492392188349,1.6005810487912335,0.3236802835583353,1.4528246265388975,0.5808226124357667,-0.40388276344105895,1.5139857012329845,0.07281503548037159,0.5740427721752345,-1.5536749194291357,-0.6464176324193628
-0.49745899485236006,-1.1084987776295954,1.1223526770060133,-1.1477306364168631,-1.42244692640403,-0.2720886483490677,-4.3619289904812583e-16,1.4304099364019374,-0.9075991658455517,-0.3492730535277429,0.35833447125036155,1.6666732946242953,-1.1847197209384438e-17
1.0860150760368785,-0.4189501102964988,1.98851948496455,-1.2264328062813874,-0.559714390810521,-1.0747391357822895,1.3806445749355858,1.2928778557013367,-1.216272306069433,0.07281503548037159,-0.4991305295536457,1.4607804265937745,-1.8662085926134648
-0.9309422380905398,-1.8260424632392311,0.5646030768045454,-1.58108796810256,-0.6559385955671976,1.82995181072499e-16,1.0492930892246892,-0.6625543220441019,-1.7029669540231425,-0.5041257679473199,-1.7572898513200252e-16,1.1696210028636302,-1.6371483218183496
1.702380640399389,1.3630143225098172,1.7015037679109002,1.084234926756737,1.7637851989912139,-0.45603171531912473,-0.03353850583767216,0.9873172591697303,1.0958650661156557,1.1036809975595654,-0.34124284180503783,0.5085233866260668,-0.34801068689871045
1.6798996848660788,1.008212647343722,1.052476164733024,1.1380306096929644,3.292720115335189,-0.5078299007749669,0.5808226124357667,1.0044635695923307,1.1765396434067492,1.7734898166055126,-0.35884776359693304,0.07949999754478097,-0.34801068689871045
0.8087501806448377,0.71734023315878,0.8780071925502069,0.405427560132863,1.5223196437891702,-0.8454929884304944,-0.4149448265769185,0.6209277385407233,0.44899579436317144,1.1149444201373155,-0.5103956435698833,-0.10034786735693255,-0.8958538738715298
1.7247412583536663,1.7259259214036957,1.1674634801366255,1.5134339084459971,2.5851301040023036,-0.3274318804909187,-0.2645203715514359,1.028626675705484,1.5643003948251502,1.4993475290653298,-0.2625637790877597,0.02718340714045344,0.3745945783911301
1.0496672467175818,1.0799295620171103,0.9039895895110904,1.3867116803942796,2.652420074127011,-0.28484011042314333,-0.6507644380333943,0.5930206734741981,1.4249555124321271,1.4993475290653298,-0.2495343721999138,0.09219360260590315,-0.2712049027581412
0.6236794052462472,0.47602296282350476,0.9548585738716872,0.8915606952155184,1.498571307325521,-0.8766765301949979,-2.0051289334314464,0.31719467877519086,0.9030034610585428,0.9722973786153549,-0.5670310270555149,-0.8519187687291944,0.8950430392009762
0.19281824792219018,-0.5820400569082288,0.2975195193660987,0.9887796718408178,0.776853569918033,0.16302390827218316,-0.9319522821924434,0.021802457202989692,1.0002730884462463,0.5684651525238317,-0.008235382359057703,-0.7756208161647086,2.026831491150303
0.04024465976719304,-0.1985586433448344,-0.3881492392188349,0.9750018755391697,0.0161103649681458,-0.46465022686563806,-0.582596246850796,-0.354226632274431,0.9030034610585428,-0.11173491454340576,-0.3986257161644305,-0.904939647332811,1.636245793238247
-0.9465339351008596,-0.6231986914756859,-2.0794907717228055,0.9055614897944795,-0.7341343375816525,1.2833722433665318,0.28118288072966324,-1.2688427300470981,0.8039483745618049,-0.8473420722724847,0.4867127659281131,-0.8519187687291944,0.6744657081074585
0.0466968796077641,0.7906748356863332,-2.2033512986385295,1.1246313582281187,0.21586247399604339,0.7977143068988846,-0.3378032340855287,-0.43924997788559217,1.0277518369584,-0.004388372371876217,0.2364211510704922,-1.2649762926116725,0.7181569821435494
0.5078438374021177,-0.43920384230272974,1.6849893754871437,-1.3943872285551857,0.03479045889382115,1.82995181072499e-16,1.5086313514933907,0.31719467877519086,-1.4867057108765405,0.10058116213772965,-1.7572898513200252e-16,0.8935356461136968,-0.9305911267583676
0.2550163951741242,-0.06051176415700182,1.0993624827159933,-1.071930162808011,0.5048337525584892,-0.5424796067880363,1.2720503205058766,0.10769221851566389,-1.1661175993222288,0.4153213176747629,-0.37870753796673323,0.5483930890644975,-1.233047387949315
0.08523480245738786,0.7723805468311855,0.7137674141529605,-0.4012923646345058,0.5048337525584892,-0.9437929787564315,-0.7222591955811019,0.11569461645485211,-0.4341999593982729,0.49249581019930955,-0.5715846969444806,0.20003235593624707,-0.2712049027581412
1.3226448148854673,1.0620367423189856,0.8248952748319057,-0.53912769573398,0.660274941111529,-1.6166620925013393,0.06959412521938614,0.7626746629523165,-0.610832690811538,0.49249581019930955,-0.9634203953332042,0.3765670699671257,-0.6827212859162713
0.48433226829936915,1.1512611478168395,0.36799021564696427,0.2633165771101414,0.21586247399604339,-0.5946344551237733,-0.6276875539445875,0.30266798657763166,0.26115711919040785,0.2370409308243674,-0.3986257161644305,0.5483930890644975,-0.30971751763844496
-0.5190304484822962,-0.1985586433448344,0.22427483018266228,-0.4400503780819752,1.276573233729159,-0.48622182892656995,-1.3535077405700187,-0.49586464264959595,-0.5115260111094767,0.8551672588695881,-0.3566446828733855,-0.33079654431551964,0.8950430392009762
-0.5624419681267703,-0.31823367942860853,-0.6064367084623401,0.09950798720689871,2.2814247203473195,-0.4948606605536244,-0.8497614782166497,-0.5325677416293003,0.06499757020900511,1.34046357598168,-0.3610515528208021,-0.38618784657300514,0.33261158028442434
-0.41205551237788957,-0.4798236547181056,-0.2876297585771454,0.4824191815380161,-0.07620405268780796,0.24116004136980518,-1.244913486140309,-0.4189781124175449,0.46431038161092925,-0.03990048876782828,0.033722889170275355,0.05365560082586841,2.227070439730335
-0.576992680733434,-0.31823367942860853,-0.6650787224689587,0.45178220715241957,0.25481553807361446,0.3148263863069941,-2.5702601649056596,-0.5431526409887566,0.43363132184988346,0.21681824678727915,0.07339049755484699,-0.6564159296276696,0.3745945783911301
-0.3698754920163242,-0.5820400569082288,-1.2105293861719344,0.9195242384077849,1.0611095728335422,0.9950544687102026,0.026280079537534494,-0.7760218728341083,0.8182128259287332,0.5369550036869861,0.3381235717809779,-0.5892723830680509,0.587721250192576
-0.9076384167778183,-0.6025996809812125,-0.8523780590431179,0.4209332003756323,0.8305678903874532,0.47733265599287455,1.8324145440544402,-1.1806698955086956,0.32463358347987914,0.4282692562242822,0.08171814544760453,-0.42445347925477445,-0.6464176324193628
-0.15059116698775823,0.45726539836182645,-0.8523780590431179,1.5882070418312961,0.7982849955071799,1.3952160579269608,0.5193302954628154,-0.5967440962336383,1.5013443205577028,0.38279924394574477,0.5443532714282859,-0.48397603153052365,-0.9651031779616346
0.12347461002245369,0.229902999025393,-1.7469928103287358,1.0298985202786115,0.660274941111529,0.8887551564373836,0.39942052646875437,-0.3789283685744985,0.9309720411455513,0.2972032294966252,0.2833405145524036,-1.5150591785961107,0.12592335788252057
-0.03128761705890759,0.7540601045343733,-1.2105293861719344,1.6620836427377765,0.9723429249541703,1.2097531114541558,-1.1116078222381343,-0.501075416732891,1.576817224207938,0.48611122181398997,0.44877196433268335,-1.63329342749537,-0.15435349281390756
2.7084464836864157,0.9902223508977295,2.0566892767948883,-1.1477306364168631,-1.7771786518966877,-3.1024387947605674,1.420793712573913,3.214149450159325,1.1631720890115396,4.006736517271692,-0.9218491056675767,1.877281154130283,-1.1847197209384438e-17
1.223498931214534,0.7906748356863332,1.4547013636675097,-1.071930162808011,-1.000651491614253,-1.011323371218649,2.6021604389945754,1.3568856341415276,-1.021797393917965,-0.44933667503614677,-0.46097847625486177,1.6370006994299877,-1.1847197209384438e-17
1.0287640019687707,0.9722073932648169,0.9548585738716872,-0.6836815056407419,1.439517231325021,-0.43451055719414394,1.669932374593239,1.2667827416443493,-0.5907222309176792,1.5357198100029186,-0.11195300231267606,1.5621197142171235,-1.1847197209384438e-17
-0.23172239982639214,1.1156430687507972,0.9548585738716872,-2.0694336702329696,-1.8929517921569778,-0.5078299007749669,-4.3619289904812583e-16,1.8372028570142582,-2.0853856863747953,-1.2187228574446252,0.37245712028917377,1.8460796201192153,-1.1847197209384438e-17
-1.0251696144594646,-0.17873535647130404,0.10872661873038889,-1.2264328062813874,-1.4342124894386123,-0.4905405138741004,-4.3619289904812583e-16,1.1504898116889695,-1.021797393917965,-0.44156236972575763,0.16868157395840774,1.6494525059347414,-1.1847197209384438e-17
2.8212864714670194,1.7600060310624264,1.211460346758636,-0.2323963065379215,0.5872288955329797,-1.708683949609905,1.823845210542092,2.053064373911916,-0.03663988210085224,1.0867383118438882,-0.8661946727510736,1.4086235768459778,-1.1847197209384438e-17
-0.7247496439369259,-1.1953094153509092,0.33308901145365627,-1.336643718964573,-0.9217045636522055,1.82995181072499e-16,0.7951920025286795,-0.5537816758633517,-1.4295746793738293,-0.8388627127685845,-1.7572898513200252e-16,1.3542422444795974,-1.695828433482101
-0.018205170525314937,-0.810406999263151,1.1450506731577175,-1.58108796810256,-0.6874341027674641,1.82995181072499e-16,0.9821660006468179,-0.037409550583266823,-1.7029669540231425,-0.5675488202392851,-1.7572898513200252e-16,0.9539474825402532,-1.4863565581765736
0.07242212682164524,0.05651549302869488,0.2975195193660987,-0.3630013947979574,-1.569751775597001,-0.6164306165729412,0.11166453211749248,-0.020328220830701276,-0.41514311532358555,-1.8846039002439123,-0.41860334413148215,0.7036716652827207,-0.19352258213335025
0.49022108080358723,0.3251543865486943,-0.23928119690805785,-0.4400503780819752,-0.8924535638616132,-0.8410452081223576,-0.7468875375750422,0.30630965738314336,-0.49202522449844927,-0.7967021114773156,-0.5307242873421366,0.28713361240794427,0.7620606078156554
0.9120321410832144,1.3279506724023034,-0.5495127645074548,-0.49910853122732524,-0.6874341027674641,-0.5338082529339131,-0.7974219196360179,0.6814082288209008,-0.5311435737685546,-0.48840535382348843,-0.3368486153143529,0.4666951995137653,0.16682983450155242
-0.77745113799868,-0.6438373537496718,-1.2105293861719344,-0.53912769573398,-0.36799906637855356,-0.7701146953789954,-0.7974219196360179,-0.6960895233195596,-0.610832690811538,-0.28874856686959444,-0.5103956435698833,0.7036716652827207,0.4167920494367601
-0.1105080719438748,-0.0018512351047204583,-0.3881492392188349,0.1328070726960239,-0.4441584609447154,-0.3274318804909187,-0.45509396421524684,-0.19269721008004786,0.09832527948943431,-0.36452784857285775,-0.2712630890139709,0.5246985954119281,-0.573143519399213
-0.5988945272259036,-0.278200494231182,0.14803992612776853,0.7924583769956274,1.8748068618721536,0.005541864298351029,-1.1116078222381343,-0.5591128193728897,0.789645055143762,1.1597472522585368,-0.09280178391766673,-1.1362691491844847,-0.9305911267583676
-0.5046395865021517,-0.4189501102964988,0.10872661873038889,0.6177915602759338,1.0388093056664571,0.005541864298351029,-1.0800936645340424,-0.48547535177318146,0.6148311612004855,0.7230428978867833,-0.09280178391766673,-0.3128460528133574,-0.03553815351126117
0.2735219773467516,0.21076195514426188,0.36799021564696427,0.6620557775081546,0.9065281754253374,0.8492284119515098,-0.8766494225928215,0.07944350000096587,0.6591024249374532,0.6432708793701264,0.36035324631284904,-0.6113080169496213,-0.19352258213335025
-0.44746992625728554,-0.6645159362408193,0.14803992612776853,0.8775214893406552,-0.1487523244456634,1.556115750982008,-1.1116078222381343,-0.787637231160504,0.789645055143762,-0.26625274472921767,0.6410336471101872,-0.19386223485602425,0.2492901020665426
-0.04440439361130148,-0.2981992148057301,-0.014398869015309679,0.4671268801504936,-0.030273104687419197,1.0577618939955706,-0.8233580277627337,-0.5115293704909197,0.3560402054721466,-0.19203821890970746,0.370440850177362,-1.2319022863584812,-0.03553815351126117
-1.0649160209477577,-0.278200494231182,0.33308901145365627,0.23107723372476707,0.08180745886663289,1.4604935342965686,-0.45509396421524684,-1.3174072491617281,0.13139002908921274,-0.08286988769302744,0.5918165194683529,-1.2319022863584812,-0.4989825695745294
0.3891085529462269,0.21076195514426188,-0.5495127645074548,0.2633165771101414,0.4844159754769371,-0.22120125623741851,0.6779012723989614,1.7736786307312289,0.9449025214959573,1.8373706280992295,0.4126959053842543,-0.7510093036556216,-0.46157035878969954
-0.2522091382083098,0.1145935069076219,-1.461017384491198,0.3898669345449681,-0.0670540648201443,0.5096422686738169,0.38801695253990254,-0.6792686732596147,0.2771108508570137,-0.22158311306306389,0.08795860113853689,-0.9879254729587352,-0.3860840956913338
-0.717263185348548,-0.6025996809812125,-0.19212652282783932,0.5880494628295524,1.32276664428955,0.8096152683543564,0.5503989897634122,-1.0691824375815326,0.47957564591867163,0.6802497648552792,0.24255450262799688,-0.29514347969174737,-1.1342724005808655
0.020837554822094376,1.0620367423189856,-0.787933298726707,0.2953088587267585,0.44379763170831743,1.1592222905460374,-0.2825003744859062,0.3244181967160484,0.3872328013693227,0.6122406664704331,0.6684977891858568,-1.403712220621146,0.33261158028442434
-0.44036768090021655,0.9541676557180493,-0.7255406004864647,0.45178220715241957,0.0535429562843247,1.3027002602783135,-0.09590331575364429,-0.8346011312134896,0.34036396952574666,-0.12623396320923458,0.4966737697573329,-1.5150591785961107,-0.5361737327593593
0.12981917481412783,0.34411505987058705,0.9797644843016189,-0.6836815056407419,0.0161103649681458,-0.5685297242136388,1.5558202831383703,0.8536531375814491,-0.570739058383478,0.6308823689882774,-0.18258072256636992,1.4339986904759492,-1.1847197209384438e-17
-0.5262407604502212,-1.2609219558252829,1.0993624827159933,-1.071930162808011,-0.011774019423814347,-0.43451055719414394,1.3453331830399682,0.3742513377984062,-1.0452624422746504,0.5179507320533391,-0.13542380250763517,1.5665337121146667,-1.1847197209384438e-17
1.907951039782902,0.71734023315878,2.2461645231688867,-0.5190514114142623,0.26459905625852487,-2.032236585656849,1.7261188812403911,1.7294274856273786,-0.35859806188496884,0.8847097039467969,-1.0578026434043521,1.381432919936584,-1.1847197209384438e-17
1.429160433972212,-0.5205948947934677,1.9604700782950375,-1.2264328062813874,-0.8029628813339592,-1.463937815518652,1.0048850891400216,0.9823827217882407,-1.2937106528683755,-0.6237704023875035,-0.8493844330603805,1.2773125533503211,-1.1847197209384438e-17
-0.2659128078451088,-0.43920384230272974,1.634482016224098,-0.6836815056407419,0.37341241346220444,-0.39586195393513635,0.7864955268286704,-0.3055675975870598,-0.7554273957206795,0.30384173163378386,-0.30835344593463376,0.6842336835128521,-0.3860840956913338
-1.427560041061933,-1.0010342209308583,-0.9190077089481469,0.14935247853025702,-0.021032612488720296,0.228848796376193,-1.1438146539586767,-1.2210435734472331,0.11489007129213451,0.009742296836116947,0.02744255996329064,0.2335980044729682,1.2127206776470285
-0.8998927052763374,-0.3584107416696516,0.5013658961370911,0.1328070726960239,-0.16670838372305674,-0.08640203386900129,-2.1273123287226245,-0.7934636276202987,0.09832527948943431,-0.11173491454340576,-0.14183725515820264,0.05365560082586841,1.5883542198277296
0.7030963306510458,0.17238774406574725,0.36799021564696427,0.6029441166695346,-0.021032612488720296,0.32707100284598334,-1.470798470699737,0.37073376778484196,0.5999861859687218,0.009742296836116947,0.07963698925164861,-0.6336865538768115,0.9847550985586764
0.4190702640804859,-0.0801314643921629,0.7137674141529605,0.6620557775081546,-0.6001245746177596,0.6702720752622003,-0.582596246850796,-0.15174103567686925,0.5551810661560986,-0.7053023195512512,0.17074175089553062,-0.5892723830680509,2.12654021686271
0.5834600094473525,0.7357133774653056,0.2975195193660987,0.7059132388601651,-0.3508756469466845,0.6982289625719315,1.4264405475175963,-0.0288523558540153,0.5999861859687218,-0.4649245664304971,0.18514978162192908,-0.42445347925477445,-0.4239374264387461
-0.2865374549589826,-0.04092528960505205,-0.8523780590431179,0.165829794926542,-0.6480194666016132,0.5499419698903737,-0.03353850583767216,-0.7073630366419846,0.04823278601615354,-0.7549292031388323,0.10872769917724168,-0.800636268457815,-0.23247315441815558
-0.77745113799868,0.07590666351276766,-0.1461106880017512,0.3742506350480659,0.45392506635116175,1.0185942434901978,0.2934453109033882,-1.0118437157354687,0.2771108508570137,0.21005836362671956,0.3744729747179639,-0.8519187687291944,-0.6827212859162713
-0.09058545506580669,0.698940538001044,-1.0594202345742734,0.8209730313030538,-0.0024973254927013466,1.5408457031057798,-0.04888264451738291,0.2547112581204262,0.9726574555401826,0.2772326316527538,0.8858220486690717,-0.6113080169496213,0.29084332938185103
-0.40500157283883376,0.6065390407612091,-0.7255406004864647,0.31121439482659546,-0.986460412507926,1.4105942535161664,0.7058135802244079,-0.805154031682204,0.1967588113861462,-1.1455663222178714,0.55227867142404,-0.5251470257371214,0.5446685887072484
0.32252770143582127,1.4850374244223616,-0.9879681725347609,1.1913039467139406,0.49461581358460965,1.3027002602783135,-0.194728521638161,-0.22506094878362873,1.0958650661156557,0.18972132553824714,0.4966737697573329,-0.7029601738109871,0.8950430392009762
-0.11716650432816914,0.5693877766647997,-0.4942132841776404,0.8493263519624245,-0.8029628813339592,1.4604935342965686,-0.6507644380333943,-0.5220267323817025,0.7609203130714058,-0.8985545260027998,0.5918165194683529,-1.5536749194291357,1.8788124246767643
3.179898940491519,0.037092244410059226,0.7137674141529605,-1.7206720936685849,-2.27278036864571,-2.8989216140843865,-0.09590331575364429,3.1133007876249956,-1.0689520604299028,-1.5241001958879217,-1.0552914309593515,1.8877088078818394,-1.1847197209384438e-17
-0.9309422380905398,-0.9158748493972504,0.14803992612776853,0.09950798720689871,0.2255735887161256,0.2821280682544379,0.04086081530624938,-1.2007885357587988,-0.002476972102575448,0.023831004041716168,-0.018758188822364515,-0.5044082325779666,0.29084332938185103
-0.08396208400391998,-0.0018512351047204583,-1.461017384491198,0.7493767336649412,-0.26417249781491614,0.8531849556952266,-0.03353850583767216,-0.5431526409887566,0.6443888265268043,-0.38750428456315367,0.2650088405159035,-0.6336865538768115,-0.4989825695745294
-0.27965332833985773,0.7540601045343733,-0.6064367084623401,1.043534361587326,0.89562240353559,1.8554802014828695,0.4219648458217287,-0.7017202962896372,0.9449025214959573,0.44118271284461186,0.7815577874083155,-0.5044082325779666,0.29084332938185103
-0.25905637610318566,0.5693877766647997,-0.4942132841776404,0.6620557775081546,0.8738651623547161,1.089037819706332,0.011552801256119334,-0.6848637453488817,0.5551810661560986,0.4282692562242822,0.38655940063130867,-1.3680256060712639,-0.46157035878969954
0.42504017756799406,-0.4594949429664667,1.3573885903771372,-1.122159883741974,-1.2113546246974158,0.02219710524110235,-4.3619289904812583e-16,1.6423332753047757,-0.9075991658455517,-0.11173491454340576,0.4926905290703033,1.7100838716224194,-1.1847197209384438e-17
-1.1696217644688247,-1.4604658950858815,0.06857274409543566,-1.3652747977706237,0.31378816017618255,1.82995181072499e-16,1.1615279712525781,-0.9556313119679076,-1.4867057108765405,0.2838987080805528,-1.7572898513200252e-16,0.6907687792242673,-2.2302175653213236
1.2184823586116629,0.229902999025393,1.377286111274157,-0.1599563275529694,-0.1487523244456634,-1.285918452896647,0.5707514260255954,0.7312092873967143,-0.1941619896667051,-0.07568113208493821,-0.7803427460440814,0.31789352819713435,0.6744657081074585
-0.2181102001170346,-0.4798236547181056,0.14803992612776853,0.8067360719535417,1.5580779049811968,-0.18738014205747716,-1.1767452949577106,-0.2720853089663669,0.8039483745618049,1.0011542617395368,-0.19764676553216803,-0.4440050186034874,1.8788124246767643
0.4310026480050191,-0.1589465150482727,-0.9879681725347609,1.6005810487912335,-0.0024973254927013466,0.41252406267134994,-0.45509396421524684,-0.2720853089663669,1.4632668432537375,-0.23642568297450162,0.006474063538216877,-0.5461992511222123,0.08523303217562483
-0.42619227439645774,-0.23830939873958895,-0.3881492392188349,0.7204442328675776,0.5355961746773703,0.5539666525487281,-0.1281101474741865,-0.8227842085194039,0.6148311612004855,0.21681824678727915,0.11080188400200897,0.09219360260590315,-0.46157035878969954
-0.9778521719826506,-0.7894411893432625,-0.23928119690805785,-0.14207737741208606,-0.011774019423814347,0.5660349707521811,0.04086081530624938,-1.241436244417856,-0.2663275492725153,-0.1553666753771743,0.12737768687248516,-0.21017822259318963,-0.860891783711824
0.279674866505901,-0.1985586433448344,-1.374007268772229,0.3898669345449681,0.13882518741883962,1.1007530704927413,0.3649400684510957,-0.25787914081799734,0.2771108508570137,-0.06133635908426444,0.39259704321390404,-0.027736578632591442,-0.5361737327593593
-0.7698904487297874,-0.4798236547181056,-0.05729335900249006,0.8209730313030538,-0.3765336247951775,1.0734062856322155,-0.04888264451738291,-1.1145772652528314,0.7175321548209035,-0.48840535382348843,0.3785034385799748,-1.403712220621146,0.12592335788252057
0.970774568224546,-0.5820400569082288,2.0432718211228726,-0.4012923646345058,0.2744006753096423,-1.5590698809295038,1.2657747141067122,1.2688082500034699,-0.2481533775754961,0.8314058568245486,-0.7827079110441804,1.5101792359812845,-1.1847197209384438e-17
-0.8154154881397638,-1.1084987776295954,0.9797644843016189,-1.096897264936728,-0.840567430879105,-0.5424796067880363,0.6106274064528586,0.4702104935704359,-1.021797393917965,-0.12623396320923458,-0.13115111653429623,0.8737437181143024,-0.07536097792699605
0.9760772276909991,0.6250735355844508,1.1223526770060133,0.11619258234541695,-0.09444972582451411,-0.6908304483937912,-0.1777878490930397,0.5455230901407114,0.0816947531806456,-0.054180267314670086,-0.4676946455824451,0.41371041734851055,0.004501985560149122
0.7811798632415083,0.9180133610473911,0.46891383154299443,0.2793431872739808,0.5768661496294437,-0.8990036180742379,-1.3535077405700187,0.4194052474198596,0.24514579195046163,0.44118271284461186,-0.5784216897461404,-1.075347464691154,0.9397935251101525
0.731134590633705,0.5693877766647997,-0.1461106880017512,-0.3820897266382392,0.2744006753096423,-0.8321548648520617,-0.7719368971999551,0.3882580310379508,-0.4533644732571433,0.2303095003831856,-0.5420469533077593,-0.46384377852667197,0.4167920494367601
0.531239435609737,1.1334639810014655,-0.014398869015309679,0.21486279842520234,-0.5434236112241763,0.30665809657700915,0.2563458140213867,-0.06762256787630774,0.09832527948943431,-0.6480778486654261,-0.016652550887868225,-0.9597873197646509,1.1209038780985399
-2.489411443503979,-1.3269783476978687,-2.2033512986385295,-0.53912769573398,0.14839149520926542,1.0773153720709354,0.4441675714078993,-2.1590280220376257,-0.610832690811538,0.13506295446407277,0.4827256504845388,0.05365560082586841,0.29084332938185103
1.0024975712356994,0.49475212817138875,-1.2906029150022127,0.5880494628295524,-0.2729242666260247,-0.48190460274855984,-0.09590331575364429,0.309944651983587,0.4947921388321941,-0.3721740482589798,-0.4141586788258078,-0.36746206447611734,0.9397935251101525
0.04024465976719304,-0.2184165864377667,-1.1335416102602847,0.5279879971503156,-0.7649058101336371,0.43280412380187067,-0.2645203715514359,-0.3988715066383782,0.43363132184988346,-0.8558373330757448,0.05879762097202039,-0.5461992511222123,-0.34801068689871045
0.11076091388020694,0.8454020781751143,-0.4942132841776404,1.3610378938820675,-0.2729242666260247,1.116362255431049,0.20537191430429264,-0.3888796145955723,1.2692665719186988,-0.39518841503078206,0.40064148727928084,-0.7510093036556216,-0.11496619080523646
-0.6135465268372562,-0.4189501102964988,-0.4942132841776404,0.18223999264251006,-0.5434236112241763,-0.24238144549568968,-1.8390625342472244,-0.9310018548785999,0.0816947531806456,-0.6237704023875035,-0.29087511419585305,-0.7267921757165697,0.6744657081074585
0.2177927443248998,0.8998985615069,-0.6650787224689587,1.5384602658261746,-0.3850500823455944,1.5408457031057798,0.6779012723989614,-0.3055675975870598,1.4505226316023976,-0.49625887134202823,0.6194058471733899,-1.8474527064108164,1.5883542198277296
0.014351648921634857,1.2222145550548607,-0.5495127645074548,1.4377249663430698,0.08180745886663289,1.723362712315408,-0.4755887298306099,-0.46482497469665285,1.3476106749235803,-0.10450208138982808,0.7134689182030226,-1.440099552543084,0.4592037212444658
-0.005156917057493314,-0.37855379582631815,0.10872661873038889,-1.8789230886011732,-2.2991352298431744,-1.3791841939462735,-4.3619289904812583e-16,2.4747288427710514,-1.67023798386943,-3.2450783716071205,0.12530742349393084,1.8262551961828735,-1.810362465318739
1.0860150760368785,-0.3584107416696516,1.377286111274157,-0.6001894067675466,1.2996337372769404,-1.1111500438924202,1.7261188812403911,1.3530949779452492,-0.4726388166065293,1.5201633086194484,-0.501381934671048,1.4667998357830336,-1.1847197209384438e-17
-7.124133054465345,-3.9889135506170628,0.7701803410735655,-1.5483308911650961,-2.0294775755236505,1.5904327687504924,-4.3619289904812583e-16,3.1343010727039204,1.0140294250134123,5.145946400652163,13.685230352398502,1.805205580207028,-1.1847197209384438e-17
-1.530665146931271,-1.6186218401538788,-1.6471351313919556,0.11619258234541695,-0.1935067161425939,0.6262487916521527,-0.4755887298306099,-1.4313747685290537,0.06499757020900511,-0.1846809724582811,0.2159471113409177,-0.5461992511222123,-0.07536097792699605
-0.7698904487297874,-1.0010342209308583,-1.6471351313919556,0.5880494628295524,1.9872946949158643,0.2903089504827492,-0.3567112622913675,-1.1145772652528314,0.47957564591867163,1.0069056681256219,-0.025078345815134052,-0.1154318113244437,0.33261158028442434
-0.5046395865021517,0.45726539836182645,-0.6064367084623401,0.23107723372476707,-0.4441584609447154,1.0851311381213864,1.0123805113880977,-0.8884141573726253,0.11489007129213451,-0.5516110080470419,0.3845460295542447,-0.904939647332811,-1.265515613819708
-0.30033353600221335,0.5879771684756808,-0.6650787224689587,0.5430768921586573,0.2744006753096423,0.6262487916521527,1.2339870933329622,-0.7186845563190596,0.43363132184988346,0.037878028578849206,0.14805364488775846,-0.17776167333072343,-0.15435349281390756
-0.2113177322311719,1.8109744420450606,-0.787933298726707,1.2440722699991376,-0.7877943554524515,1.5026216046873304,-0.3952753788400415,-0.6459455710379877,1.149773591010157,-0.9071466225531665,0.5997064443607528,-0.7267921757165697,0.08523303217562483
