Bat_H,Bat_2B,Bat_3B,Bat_HR,Bat_BB,Bat_SO,Base_SB,Pitch_H,Pitch_HR,Pitch_BB,Pitch_SO,Field_E,Field_DP,Bat_H_Pitch_H_Ratio,Bat_HR_Pitch_HR_Ratio,Bat_BB_Pitch_BB_Ratio,Bat_SO_Pitch_SO_Ratio
-1.8684425169903696,-1.4416276806925634,-0.8600034794515266,-0.1630187182008205,-0.38571567065314916,1.5504755145055158,-0.6984619942114203,-2.1590280220376257,-0.27988222097743276,-0.6744691006668103,0.6756811743031536,-0.558060069251873,0.34640523182557176,0.620252520374613,0.6738114921774049,0.6659031328245612,0.655088856509903
-1.7689392530683317,-1.863936950042814,-1.1285598880519474,-0.07418275395398428,0.1627777797956281,0.9085676236831048,-0.8769304813924587,-2.0526311338409444,-0.19114971504593142,-0.12412931375477311,0.34197638560422694,-0.6549770738029312,0.6807953942104994,0.620252520374613,0.6738114921774049,0.6659031328245612,0.655088856509903
-0.44578645182672927,-1.1608395491816965,-1.1285598880519474,0.013648833277697975,0.10783478185027119,0.42819946697494293,-0.7631015365171204,-0.805154031682204,-0.103420416432662,-0.17649468302935808,0.08149418806188953,-0.2858083962004192,0.2236106847001761,0.620252520374613,0.6738114921774049,0.6659031328245612,0.655088856509903
0.507558590447921,1.313194119132648,-1.1285598880519474,1.1017937558854614,-0.07377146344454974,0.8448019391643222,0.5463063193442951,-0.07633067061627016,0.9834572531938602,-0.35376881577578106,0.3079704120399239,-0.8927815036307623,0.2643831730983368,0.620252520374613,0.6738114921774049,0.6659031328245612,0.655088856509903
-0.10189119697030542,-0.7402493362303658,0.6426953837882281,-1.8213526216210347,-3.5872377196549845,-1.2722187868592585,1.294139115598616e-16,2.758427500052054,-1.686010807109538,-2.796428890304591,0.7680859776520408,1.7214122239623861,-0.6692201654772466,-3.609016362710335,-3.7437189686290737,-3.5622678230646114,-3.6611214192711863
-0.19672536854152498,-0.07242242876591452,0.12471998636539715,-1.676154608774041,-2.3832815965227727,-1.438009566608093,1.294139115598616e-16,2.2613878161798677,-1.53874590646741,-0.9133318160304464,-0.10949871555687016,1.6601218807615878,-1.5371169524683488,-2.8706254416148353,-3.123714693428165,-2.948113215786163,-3.0350104806038063
-0.20354180739054842,-0.4126851970800041,0.2017073525938757,-1.0457169703529112,0.5664192402265267,-0.8003527214202675,2.0883568061417015,-0.05462380858390582,-1.0991004473181407,0.5362798314724907,-0.529855379426865,1.5198149087488289,2.4563687986286104e-17,0.00659260853528913,-0.057212298551666915,-0.026728894765842646,-0.05618915811048535
-0.5163414307498327,-1.706591391538139,-0.3587671356025485,-1.1306937661135588,-1.1360945725419964,-0.45176697938425625,0.9020039360907534,0.2732923197040633,-1.119810179061764,-0.9316317720363297,-0.1606486013938271,1.0635059112999408,-1.5694891178788808,-0.5826175939856459,-0.7643049331406807,-0.6791554309658271,-0.7182757157585496
-1.46142489531513,-1.2896638650949614,0.9278571104176163,-1.3530890049770516,-0.2330908222574582,-0.11168332861741598,0.5672572300303873,-1.134249997149677,-1.4228041272472658,-0.26796224616967507,-0.11435109251613283,0.48678163601753094,-0.5950730714184843,0.10428767226913857,-0.10392187063461561,0.0740195271930854,0.06048274692765317
-0.4317482802552456,-0.5550792359438266,-0.3587671356025485,-0.6252414273941953,-0.34542756205731495,-0.5580431202488938,-0.9248335837887445,-0.3055675975870598,-0.6653692246911999,-0.3854535705324641,-0.3928688175394694,0.0866575821637863,-0.096788646563647,0.10479132118296178,0.04154906793506159,0.07524639598015699,0.06249900683793313
-0.22402549415216805,0.06553113296575563,-0.4601736496573126,-0.781090388050613,-0.0025077505209893623,-0.3199845647121056,-0.6567461487815964,-0.24845564690965366,-0.83831368861921,-0.08715859809557475,-0.26432454352256346,0.25689925446665934,1.514445002999359,0.2073631638334325,0.11682295943639569,0.18930458295275818,0.17651098837717916
0.2344751714310157,-0.01315121778440939,0.2017073525938757,1.1800171840046432,-0.26511728648755756,-0.19245319567454056,-1.0252415329211386,0.07130313245351064,1.201041994316401,-0.35376881577578106,-0.18516375287178566,-0.3817708127783336,1.2897696825885978,0.20526180778764752,0.16069057618993665,0.19415721820544965,0.17069728050152763
-0.2720223936375868,-0.33193099596402686,0.27594457452284454,1.5187684916485584,0.12354811447225736,0.15188150072688522,-1.5462079697691764,-0.28160366978020557,1.551057472011482,0.03594011554250821,0.0200647179097602,-0.6154464286025746,0.8087632817513659,0.20545818433141277,0.17032162583653077,0.18668216898086132,0.17334394461750235
-0.0014990045194352452,-0.15180365443094987,-1.702730776726073,1.3658448161690906,0.06062042977300137,-0.14994273932868551,-1.7015738118152373,-0.08945666003381621,1.3847471201207757,-0.028737147564219495,-0.1606486013938271,-0.869609943831768,0.5123462819748802,0.20588941215642456,0.19314287461587665,0.19633046688768635,0.17730195260943551
-0.33415156287431297,-0.9069226135107091,-1.702730776726073,0.8159596489708152,-0.0817058699705353,-0.21370842384746805,-0.7631015365171204,-0.713017778803681,0.6979560285236673,-0.3616654890186691,-0.28428975186500993,-1.1175586593981628,-1.2375016385960993,0.620252520374613,0.6738114921774049,0.6659031328245612,0.655088856509903
-0.1763102990926861,-0.969951431724427,-1.0580981826036975,1.0072724008892044,-0.49089011569228524,0.1348773181885432,-0.8076708370472948,-0.5859360502590096,0.889045977715893,-0.7876210947013458,-0.08288095111570914,-0.44967706261598633,1.3791915317275825,0.620252520374613,0.6738114921774049,0.6659031328245612,0.655088856509903
-1.1648517887318393,-0.719555007182998,-1.702730776726073,0.6377091944267095,-0.03414823828968313,1.2444002288153595,-0.28837998089359046,-1.3314256908626307,0.5525019260016691,-0.26796224616967507,0.5470737182518651,-0.3170477715855744,-0.8154662023719407,0.517033531130691,0.5215384801436338,0.5483710250235567,0.5285050974579495
-0.09515955108855118,0.8510224637483617,-1.4370391807792287,1.2111724187370145,0.5433393536472942,1.3846847347566813,-0.4084337370031776,-0.42909327458867685,1.1237525879331076,0.2708790858858688,0.6192734085123951,-1.1175586593981628,1.0251200177101625,0.5161115930390608,0.5539727028735256,0.5467713737869233,0.5324437481967472
-1.3274378198720078,-1.6176203014856942,0.08512981314306974,-1.4957601848590762,-0.9098301083351018,-1.854707004261615e-16,0.4380194267330179,-1.0756242392624062,-1.5866992120584635,-1.043304720682357,3.8851636343242065e-17,0.945317849853826,-2.205096650307355,0.1562139111278875,0.12684270001199338,0.12674783209256,-1.3010426069826053e-17
1.5368783713257226,1.549065924304341,0.7614946457927652,0.4063959390239092,0.24881691399564568,-1.352988653916383,-0.19169097941930174,0.8696640297010261,0.40504905601997326,0.17587658048130764,-0.9376043814233932,0.5332079510741351,1.1127311819028853,0.15537347804982377,0.11389245734204535,0.13686845404877704,0.12217699726144252
0.388037499196961,1.0558219244991036,0.6426953837882281,-0.8009092136277276,1.0230940401456015,-1.0894238245720818,-0.4084337370031776,0.25097438584883236,-0.8578778314130147,0.8714301986904311,-0.7441571174647431,-0.13981955758781314,0.42906067458133723,0.10526622420687816,0.10642962125112888,0.08402410502109195,0.06009025213135767
0.8617361590154016,0.981618914173338,-0.566782722751703,0.10054055850673978,1.0306291785045207,-0.6473150785751894,-0.8769304813924587,0.5358725673019911,0.08635972521976285,0.8771566127558144,-0.4492884371871454,-0.30133738875605576,1.1127311819028853,0.10556299771932981,0.10642962125112888,0.08486516840092768,0.05711387883404577
-0.04819391110244504,0.3186134810653074,0.6119033946554122,0.22071792382213692,1.2107641359635104,-0.27322306273166513,-1.2480385815244515,0.009248343054873948,0.23865189342303578,1.0505615717192678,-0.20238644847310988,0.027865951051809116,0.2236106847001761,0.05411352389877984,-0.01774730049193633,0.018186614012277,0.004055807540379056
-0.5660946462053231,-0.29171705308836293,-1.3555220170778628,0.4397686337012948,0.29559569598836144,-0.16269587623244203,-2.133543562190584,-0.501075416732891,0.4215366772618188,0.19643337774330827,-0.16799228355257753,-0.22544274210522255,1.1127311819028853,0.2044380451919256,0.19566303384413386,0.1892409053909948,0.17533952742773581
0.36264665436993715,0.7194566429304805,-1.521884481702714,0.9914474124726845,-0.5152500727227163,0.7937893915492963,-0.20744030838282018,-0.17896407794035693,0.8732394190722208,-0.8142142660943714,0.2806449565593963,-1.407628039093042,0.6807953942104994,0.620252520374613,0.6738114921774049,0.6659031328245612,0.655088856509903
0.6130071985692476,0.9257657288553683,-1.9008254798782451,1.1800171840046432,-0.16920213711295767,0.6917642963192442,0.23858497460366104,-0.003378454601492101,1.0615895823514723,-0.4496196458146077,0.22566428279199907,-1.5045806424453387,0.34640523182557176,0.620252520374613,0.6738114921774049,0.6659031328245612,0.655088856509903
0.2538315542778091,-1.1608395491816965,-1.201494432877096,-1.8870766528196474,-3.720938700518802,-1.854707004261615e-16,1.294139115598616e-16,2.982827995340502,-1.791255914320751,-2.3865317981499516,3.8851636343242065e-17,2.1455238445122915,2.4563687986286104e-17,-3.9595764599783685,-3.9338536130240196,-3.818983246988171,-1.3010426069826053e-17
0.025063343099710842,0.45328708145929464,0.31209194216898406,-0.8407920899636137,-0.8931991932862227,-1.0044029118803717,-0.6774716342345115,-0.07197237809499321,-0.9170298294825336,-1.052759308714401,-0.7032185529029399,0.5332079510741351,-0.057304753674128135,0.2069492850210965,0.2689107410257904,0.19415721820544965,0.17109870234955857
0.6253219795871005,1.4767994937091755,0.580648350769405,-1.1522525680482527,1.068269028344598,-1.1744447372637918,-0.30502835347487695,0.3208097436279388,-1.2250267549011442,0.8599516466906836,-0.8188109407137178,0.42131390275528163,-0.6692201654772466,0.20637422499837615,0.09564141547621098,0.1932955604126076,0.16938366094169566
0.2731415065414656,1.2949280949811177,-0.6791571844281673,-1.0039259964410951,-0.50712633039362,-0.4815242988263548,-1.1050381773797506,0.1786379722906588,-1.0579878731958607,-0.564561164826615,-0.34209584082398864,0.24698273452645123,-0.4825840353669543,0.10438287715404444,-0.02369331742361809,0.08784924078814611,0.05112021713246653
0.8557611266035323,1.5129665841398008,0.31209194216898406,0.6377091944267095,1.6921609573246668,-0.5070305726338677,-0.5375621965717478,0.4601582799889385,0.6335462602191569,1.3350698278044015,-0.38013022607802743,0.0157513732433469,-0.057304753674128135,0.20626034625110473,0.1696058736293157,0.19765972169303345,0.17263348901477196
0.5511470750703718,0.3957031676187971,0.3476213757385928,0.30557633403751416,1.0381619213327513,-0.7408380825360705,-0.49965154711139903,0.3530497575892032,0.30555045609022113,0.882874486304885,-0.5089404857197934,-0.1260882505018454,0.7659527363928337,0.10391772020675824,0.08606277822924664,0.0857038064709208,0.05030978870942282
0.36264665436993715,0.8135325085540915,0.12471998636539715,0.3896665102784556,1.7288212301819097,-0.08617705480990297,-1.0513856446895995,0.15525609781014812,0.3719930555792507,1.3654169533081957,-0.121637102635342,-0.44967706261598633,1.1127311819028853,0.2054720266586409,0.1841093244003875,0.18902293245243176,0.17448046918737786
0.5759485847232917,0.6816839328299872,-0.1249905045668159,0.8960540356237972,2.0348067138890307,0.032852222958491134,-1.6217460748996584,0.29170275627098646,0.9048318875285932,1.5809125923291532,-0.049173202163717795,0.0157513732433469,1.2452838983803005,0.20437528622956286,0.16141126473863654,0.19130175981815672,0.1679505777570598
-0.08843348931822685,0.3957031676187971,0.1635701128463802,0.9279374273791697,0.2878065764404853,0.9340738974906179,-1.278339532246471,-0.4240305157587202,0.8415637004067391,0.04305958556246719,0.3825669358061854,-0.7585784525552903,0.2643831730983368,0.5161824151337107,0.539688493266536,0.5395252464246713,0.5291078770921533
-0.0682887239047205,0.24116157135807895,-1.201494432877096,1.7750370829124091,0.7654403285046704,0.5939902467237775,-0.9742340632480756,-0.501075416732891,1.655916521410672,0.4155692197585649,0.17254980399450026,-0.2858083962004192,-0.6322315201293799,0.620252520374613,0.6738114921774049,0.6659031328245612,0.655088856509903
-0.7901346475046875,-0.01315121778440939,-0.6791571844281673,0.6377091944267095,0.39659069304542166,0.7725341633763687,-0.5568434285904162,-0.7300543551191789,0.6173853874289705,0.26417071408852133,0.3623008708181494,-0.6350809509437704,-0.01765826344587589,0.2567482129678766,0.23689887739752555,0.24645132302503425,0.2273109785345419
0.6437586261753817,0.3957031676187971,0.23915739734383734,1.938560798634023,0.2800145280997903,0.8320488022605658,-0.6160605031312727,0.059034238709299795,1.8340138555494443,0.007329284968822412,0.31478492013222326,-0.695576125911185,0.6384493481092964,0.566240489356816,0.6268199296427076,0.6110313013884231,0.5898370043284621
0.7474359781383586,0.24116157135807895,-1.3555220170778628,0.7190915388290039,0.5587286598247285,0.27516182412986484,-1.0252415329211386,1.861492561206697,1.655916521410672,1.7939581494989174,0.8678808409635257,-0.6154464286025746,0.5962588911715204,-1.915853189972031,-2.150242860025865,-2.0574035889740925,-2.1241864458342565
0.867706703420733,0.37646430470701747,-0.2153708853291509,1.4425179034775018,0.03697106395186129,0.538726653474166,-1.309268557060013,0.1669799570480254,1.3237845936301205,-0.2448899588584213,0.14233914904376577,-0.5028453486986318,-0.7426859553265297,0.620252520374613,0.6738114921774049,0.6659031328245612,0.655088856509903
0.24093247063295598,1.549065924304341,-1.799418965823481,0.8800796270065607,0.8035118730633173,-0.01816032465653491,-1.2183377164819278,-0.22506094878362873,0.7779571372977951,0.4732219378278263,-0.1606486013938271,-0.7585784525552903,-0.01765826344587589,0.5695376724820617,0.604687821694436,0.6011455034307045,0.5992712118637529
0.692715872160266,1.3314424178505364,-0.5127947198033161,0.5392180045413467,0.9853822545902912,0.05410745113141865,-0.6362781340204471,0.050815848808129255,0.4215366772618188,0.5983173259553781,-0.12893208877187967,-1.8289698070394909,-0.9233416766434164,0.620252520374613,0.6738114921774049,0.6659031328245612,0.655088856509903
-2.6546328129268457,-2.637943846823247,-0.8600034794515266,-1.7608347017221435,-4.278852830157349,-1.854707004261615e-16,1.294139115598616e-16,2.812229141441024,-1.40019989542826,-5.236361806298668,3.8851636343242065e-17,2.2496593064340655,2.4563687986286104e-17,-4.033017237432038,-4.022537459251969,-3.8689642202081935,-1.3010426069826053e-17
0.9330882411065481,-0.8859777921774382,1.8232054778381666,-0.5489551833106009,2.150481371093463,-0.4942774357301113,2.8340648346246065,1.1482829697261085,-0.4423685531732313,2.163045723888982,-0.1508713867409944,1.4789633759165186,2.4563687986286104e-17,-0.7248078135464613,-0.835212791949279,-0.8290572484757959,-0.875445027620146
0.34992106592547395,-1.3328950969311533,0.7029436964428538,-0.2168324117135778,0.9249171429348453,-0.43901384248049974,2.222559413151163,0.8347713660566428,-0.06859490524344665,1.2216955218445753,-0.12649942643036466,1.343201730224073,2.4563687986286104e-17,-0.6754324849362822,-0.7989133443455313,-0.7839534926155055,-0.8218538761761434
1.2122410800446553,-0.05264037916101195,1.8058127298883937,-0.962561662099657,0.7578183425482372,-1.6208045288952697,1.8741305429074617,1.5014827622906117,-0.8578778314130147,1.3401443930773858,-0.9204228747239404,1.6049569586578516,2.4563687986286104e-17,-1.0946752650441243,-1.2418045274845764,-1.2182537899478847,-1.2723752293847967
1.7050350244052264,-0.534651841271473,1.5653718165863286,-0.41776642795769153,0.24101012183873288,-1.2169551936096468,1.8685104212580013,1.6014244257766344,-0.2265184518538533,0.7903491267789795,-0.6197501984611189,1.539134684594198,2.4563687986286104e-17,-0.9573188714429125,-1.130133252562216,-1.0731710793466955,-1.1309027287482827
-0.9978774018770016,-0.3118105599869716,0.7029436964428538,-0.6637766218335984,-0.6375646733289321,-0.16269587623244203,0.8211236321962742,-0.7934636276202987,-0.7224213686706984,-0.7349818214826594,-0.15575794862208386,0.8605980792906196,-1.6971082507075643,0.15358947382777516,0.1719838434044773,0.14621743996603315,0.1124779398287858
-1.195575924757016,-0.719555007182998,0.7029436964428538,-1.4713594021261924,-0.4665638130478594,-0.36249502105796066,0.39294101173159773,-1.0181585194532943,-1.5625963033568648,-0.564561164826615,-0.28929228900439646,0.8446923881811729,-0.7791620402328472,0.207658102461443,0.15485131168836971,0.18841154703807486,0.16947677700406566
-0.2720223936375868,-0.09222964112052189,0.7029436964428538,-1.0667810200119228,-0.36153205477227734,-1.1574405547254498,0.23858497460366104,-0.28160366978020557,-1.1406264002120423,-0.4577164460870383,-0.8076701553486801,0.5702767541099246,-1.099643631865562,0.20545818433141277,0.15485131168836971,0.201207744153844,0.1734472912618933
0.2344751714310157,0.5678676186768432,0.1635701128463802,-0.2892175948245954,-0.670329856870703,-0.9151309535540761,-0.8535092998209857,0.07130313245351064,-0.3336332430921816,-0.7964650052067721,-0.6438298173997695,0.0035136657209872317,0.9815426792929555,0.20526180778764752,0.1801330880486806,0.20239077416277068,0.1727488402540696
1.0272372148302005,0.9444027648265905,-0.566782722751703,-0.2168324117135778,0.17061457012787265,-0.9746455924382732,-0.49965154711139903,0.5583114823261744,-0.2620520939707729,0.07845996177296882,-0.6842392938168758,-0.3170477715855744,0.6807953942104994,0.20859140743557403,0.20306750545078817,0.19183315171896262,0.1775623977430061
-0.47393538886958914,-0.01315121778440939,0.003612649441703827,0.8800796270065607,0.029081641794530926,1.3846847347566813,-0.5375621965717478,-0.8286862986499878,0.7620013324680904,-0.2525653037723492,0.5909132329182138,-0.19626768525813834,-0.01765826344587589,0.620252520374613,0.6738114921774049,0.6659031328245612,0.655088856509903
-0.9978774018770016,-0.7402493362303658,-0.309860849736075,0.6377091944267095,-0.6457500391952153,0.5897392010891921,-1.2183377164819278,-1.2895614298685507,0.519913164361353,-0.959246538515685,0.1702308236092522,-1.0138807402323038,0.0621207398181885,0.620252520374613,0.6738114921774049,0.6659031328245612,0.655088856509903
-0.33415156287431297,0.2217411245002063,-0.7377081337780796,0.25475619951500517,-0.19313492786910458,0.8362998478951512,-0.14526836197570303,-0.713017778803681,0.1374061562979024,-0.4739615276135935,0.303423678722812,-0.03395802647266319,0.0621207398181885,0.620252520374613,0.6738114921774049,0.6659031328245612,0.655088856509903
-0.2720223936375868,-0.3722532851515365,-0.4088519989041232,0.20365025047658983,-0.6293832417930404,0.42819946697494293,-0.4084337370031776,-0.6625543220441019,0.08635972521976285,-0.9408146111666423,0.08149418806188953,-1.144499509693917,-0.21426024316524145,0.620252520374613,0.6738114921774049,0.6659031328245612,0.655088856509903
0.5883205551127514,-0.6782573882120075,1.5653718165863286,-1.024766488416921,0.5510353662161203,-1.3359844713780409,1.9240988741626193,0.9549559215342158,-0.9970432808372227,0.8999771176589364,-0.7744184522561588,1.3378255802668053,-1.0647349801586912,-0.6780270754349593,-0.7789376198139276,-0.777829439749668,-0.8268417929859366
-1.296222600676993,-0.7402493362303658,0.7614946457927652,-1.5454504287785469,-0.8351262922309082,-0.4220096599421577,1.2423812351724275,-1.1080489015371862,-1.6357325545877202,-0.987061655717185,-0.3269569299439182,0.660383950059793,-1.6971082507075643,0.2095595894989465,0.06066924345983891,0.20197285232694964,0.1731953061446059
-2.6454850674007266,-2.540952282563933,0.416908500058601,-1.7608347017221435,-0.5477828535252575,-1.854707004261615e-16,0.9797952590730351,-2.3720560332138008,-1.8758373888789581,-0.6318231269708716,3.8851636343242065e-17,1.0795384581453618,-1.5045592717533995,0.15510649756468164,0.6738114921774049,0.13914272964167018,-1.3010426069826053e-17
-0.48098780267731195,-1.1608395491816965,1.081884694618383,-1.4713594021261924,-0.4018561113258819,-1.854707004261615e-16,1.1584593537824255,-0.43924997788559217,-1.5625963033568648,-0.4984589496484738,3.8851636343242065e-17,0.9593808752404603,-1.471816777797802,0.20779913790743074,0.15485131168836971,0.1963680855036525,-1.3010426069826053e-17
0.6006734083658809,0.24116157135807895,1.0062974101209277,-1.2177615002731703,-0.010413062888389078,-1.2807208781284294,0.8027023358241373,0.8211491535514119,-1.2250267549011442,0.2708790858858688,-0.7716588522713809,0.25689925446665934,-0.5202488214135095,-0.4855972237598982,-0.7059125544958991,-0.5786712484371002,-0.6105152110465502
-0.3410841489353643,-0.4329426677754825,0.6730378387458056,-0.881015957252193,1.8384996848593322,-0.3752481579617172,-0.6362781340204471,-0.33464487172669205,-0.95686625824247,1.4402501717865586,-0.29680459260341646,-0.5210168978683685,1.7889541825318347,0.20798934321188586,0.2520551510568836,0.19800949863586575,0.16732604094850284
0.30522213412511684,0.43411444603764177,-1.201494432877096,1.1017937558854614,0.6048316439498457,0.8150446197222238,0.05673427071720528,-0.17896407794035693,0.9991225685550551,0.3042459936673077,0.3056974188809014,-0.8467696702228046,-0.5950730714184843,0.569871605319028,0.6107171769061457,0.5982376301200002,0.589552067902269
0.13698957393286842,0.8510224637483617,-2.0074345529726356,2.3474765363008157,0.029081641794530926,1.3379232327762407,-0.3907619606734619,-0.34441591935488325,2.227689312125004,-0.2525653037723492,0.5668330857808381,-1.5721176018917111,0.8087632817513659,0.620252520374613,0.6738114921774049,0.6659031328245612,0.655088856509903
-0.0682887239047205,0.2605589123228582,-1.6103412887496744,1.7301352168484112,-0.48277762253628237,1.2188939550078466,0.42684882805632196,-0.501075416732891,1.6110669480353137,-0.7787975384383198,0.5051869348828927,-1.7901723062240618,0.7659527363928337,0.620252520374613,0.6738114921774049,0.6659031328245612,0.655088856509903
1.0971219032195454,0.3957031676187971,1.2934320094671314,-1.2846426352514915,-0.06584032143721283,-1.8163526280862028,2.4701723442116355,1.4568982747885313,-1.246430315059057,0.585989876414606,-1.0927470876462178,1.03458524875939,2.4563687986286104e-17,-1.0933405236401958,-1.2464558046148821,-1.219579192670039,-1.2668534025879987
-0.1627287045429688,-0.7609742707817044,1.0317998313168093,-0.9012614044293609,-0.968175886732124,-0.1456916936941,0.6687792799063619,0.443284336311378,-0.8775173709230326,-0.7524480635559302,0.02955443581347623,1.3458722686198978,-1.0647349801586912,-0.535865432556604,-0.6207444034666822,-0.6224323871931665,-0.6675264126574402
0.8796343529049176,-0.4329426677754825,1.2020581194836273,-1.3997096801761972,-1.2377487005746048,-0.753591219439827,0.5879858428107585,0.9599790053626142,-1.4455899716966647,-1.1196024328723326,-0.3903186489209284,1.2258867095191777,-0.40675163979666945,-0.4847874009834079,-0.5129154408243357,-0.5728724264104058,-0.6168877537956912
-0.7828113200789165,-1.4853885032381517,0.8738691074692295,-1.3530890049770516,0.0842416022496256,-1.854707004261615e-16,1.705205727501016,-0.6239633056156761,-1.4455899716966647,0.02166138952522163,3.8851636343242065e-17,1.0594426502922234,-0.7791620402328472,0.15747529795108192,0.26065470809531804,0.13303407642438783,-1.3010426069826053e-17
-0.0014990045194352452,-0.9910265520500088,1.6611685532784306,-1.3762933470564773,0.9022022485568097,-0.36674606669254617,1.7648945205561974,-0.04599997803659592,-1.4685665525491038,0.7491563520908268,-0.2817901762241513,1.0045066307117307,-1.2375016385960993,0.1552857010077567,0.2430901856814994,0.13686845404877704,0.11467421438742735
1.0038045860815776,0.29928475012406985,1.9246119918929305,-1.0457169703529112,-0.13733880545559823,-1.5527877987419016,-0.8769304813924587,0.5455230901407114,-1.119810179061764,-0.221955692037692,-1.0897600992537977,0.18554573237140567,0.8517279147354611,0.20764031804112504,0.16780756475067088,0.19118682278700136,0.17766360534694328
-0.18310962315715046,0.02623893062930941,-0.03837708677693062,-0.881015957252193,-0.21709822591096234,-0.9108799079194906,-0.9248335837887445,-0.22040993075524853,-0.95686625824247,-0.3067273237000668,-0.6411482346791054,-0.8242533730715612,2.4498939594794042,0.2089821361377465,0.2520551510568836,0.1997663477861206,0.17364094683573014
-0.13563348639730835,-0.15180365443094987,-0.08123265148178148,1.0388605199876575,0.7043921571268869,-0.15419378496327102,-0.9995295887197596,-0.1835327243273885,1.0460016784405308,0.5549967124425159,-0.16309546651065507,-0.4849011022577461,2.4981821484336106,0.20567678517262294,0.1889905045010112,0.2005041761681039,0.17664959598525928
0.12390200510625568,-0.5755355578927033,-0.7979564464327044,2.2025809199291313,0.4662284032121511,0.35593169118698936,-1.0513856446895995,-0.003378454601492101,2.2564898198534413,0.35047710431067763,0.14000947876261563,-1.0138807402323038,0.3053148259897477,0.20583420533186791,0.18802206343560077,0.1915987530005267,0.16789116692706585
0.7170822981843064,0.7947576327336947,-0.6791571844281673,0.23775311771621466,-0.9431441827466788,0.9468270343943743,-0.7631015365171204,0.06722129996867915,0.12042287627886762,-1.3071374665619124,0.3623008708181494,-0.4849011022577461,-0.13610949448973395,0.620252520374613,0.6738114921774049,0.6659031328245612,0.655088856509903
0.6253219795871005,-0.3118105599869716,-0.3587671356025485,1.2887347815016652,-0.16920213711295767,1.3889357803912667,-0.37327051390023464,0.005047513813227066,1.1701805673939591,-0.4496196458146077,0.5930985421977724,-0.11250415243255507,0.42906067458133723,0.620252520374613,0.6738114921774049,0.6659031328245612,0.655088856509903
-0.5163414307498327,-0.29171705308836293,-0.16968945852874195,0.6377091944267095,1.09082442750166,1.044601083989841,0.5357458113164764,-0.46482497469665285,0.6335462602191569,0.8771566127558144,0.5250574728710398,-1.0910362189412577,0.1022523786880913,0.2064053060101192,0.1696058736293157,0.19535827761594443,0.17249845805410272
-0.2789022679092359,0.20229745200510418,-1.2770817173745523,1.1800171840046432,-0.05791243590617447,1.2358981375461886,0.27534241336713233,-0.6681139942688125,1.0615895823514723,-0.33802409753206236,0.5140248672789721,-0.869609943831768,-0.6322315201293799,0.620252520374613,0.6738114921774049,0.6659031328245612,0.655088856509903
-1.265124219649725,-0.8441840403910088,0.416908500058601,-1.4472283904616177,-0.9098301083351018,-1.854707004261615e-16,0.9107950287111354,-1.0756242392624062,-1.53874590646741,-1.0717387212579963,3.8851636343242065e-17,0.7836581624250165,-1.6971082507075643,0.20495158164063615,0.1801330880486806,0.19187561170458,-1.3010426069826053e-17
-0.3897780415549828,-0.8025167471097643,0.6426953837882281,-1.676154608774041,-0.8516972280171378,-1.854707004261615e-16,1.0383273889698146,-0.27683971416089487,-1.7642603338314322,-0.9500194979510785,3.8851636343242065e-17,0.7363822671548949,-1.0647349801586912,0.1068204806202342,-0.20495489788008278,0.07286470496474262,-1.3010426069826053e-17
1.0622566851369535,2.187856538451167,-0.08123265148178148,0.22071792382213692,0.45077299871362775,-1.1064280071104238,-0.8535092998209857,0.580476356036891,0.18816710571956438,0.3373250039199507,-0.7716588522713809,0.027865951051809116,1.0688496361493893,0.20543888495735482,0.2239667925051204,0.1900104827261916,0.16633391158190763
1.2635020064469442,1.9241515874066344,1.0317998313168093,0.10054055850673978,-0.06584032143721283,-0.4900263900955258,-0.5960864681623991,0.7254249784822373,0.08635972521976285,-0.12412931375477311,-0.359811662636584,0.0866575821637863,0.34640523182557176,0.15587609436551852,0.10642962125112888,0.13089469075563986,0.11880882700060312
2.010234605227068,2.4999683251789784,1.1307909804848566,0.6213582256932393,0.3578040012889181,-0.9406372273615892,-0.5568434285904162,1.0734888114196046,0.6173853874289705,0.2507186529048102,-0.6599515739328663,0.16429607664835544,0.5962588911715204,0.2055047144463812,0.16599639166570215,0.19577354494974547,0.16732604094850284
0.4762780399922844,0.8510224637483617,0.12471998636539715,-0.32569450252599885,0.3422692759244132,-0.3880012948654737,-0.9742340632480756,0.22840708959922598,-0.3696909803624268,0.2372192252107746,-0.306836954030932,-0.046708261355950284,2.4017482839251785,0.20517092075838783,0.16780756475067088,0.19415721820544965,0.1789250926341634
0.07792771702835884,-0.35207851811188035,0.08512981314306974,1.0546239703566571,1.25558942745586,0.3091701892065489,-1.0252415329211386,-0.037409550583266823,1.0615895823514723,1.0065572607451205,0.1119882325141554,-0.1819219895607068,0.022150380768326018,0.20905285320661657,0.19187281306029885,0.1971434554235977,0.17248711055016072
0.1891285602333952,-0.21160923010986826,-1.799418965823481,0.7028639884534899,-0.22509281181338028,-0.4772732531917693,-0.7197249691153373,0.03842917384781158,0.6979560285236673,-0.31452759801651,-0.3623472653934379,-0.695576125911185,1.1127311819028853,0.20844039105429532,0.18354521400288512,0.1988407680888495,0.17782675311006632
-0.6448942228463913,-0.8441840403910088,-1.799418965823481,1.0546239703566571,0.0842416022496256,0.6024923379929485,0.08383725774711755,-0.9742454623880875,0.9363424015714631,-0.19915780422026053,0.17718532539586718,-1.144499509693917,-0.7791620402328472,0.620252520374613,0.6738114921774049,0.6659031328245612,0.655088856509903
0.1631011996421352,-0.35207851811188035,-0.16968945852874195,0.1522485620255487,0.30338189333609417,-0.09893019171365947,-0.2233318467232659,-0.28160366978020557,0.0521653008531178,0.028807399989298807,-0.20731672077214083,-0.7372891883184376,-0.057304753674128135,0.5691310629846189,0.5750164369835145,0.6113369892454522,0.5977518452189735
-0.014812947398082081,-0.29171705308836293,-0.923959948756329,0.2886674587429306,1.1958040946126796,-0.3837502492308882,0.5776489917535833,-0.4596889188502451,0.17127792249189328,0.7668646214678633,-0.3852219922733843,-0.9162918849988233,-0.7060384861838263,0.620252520374613,0.6738114921774049,0.6659031328245612,0.655088856509903
0.45116537790766453,1.7642692824616804,-1.0580981826036975,1.7001258383034843,1.0381619213327513,1.4697056474483912,0.4929202907720234,-0.11594065178101368,1.581092518396214,0.641153900138766,0.6345007792700983,-1.2566595394135194,-0.057304753674128135,0.620252520374613,0.6738114921774049,0.6659031328245612,0.655088856509903
-0.2651483308890176,-1.6620224337146055,0.7614946457927652,-1.1957809899867131,0.21757190461938297,-0.8811225884773921,1.6624563792489433,0.6270702691557761,-1.1615524832282378,0.6835171323246375,-0.40052671540188,1.4232752396581287,2.4563687986286104e-17,-0.8183781012982947,-1.0608267167819443,-0.9301416877862039,-0.978225088529454
2.338577062642714,1.1665632547597955,1.8575603302795334,-0.6252414273941953,-1.2122695908901229,-2.500770975254469,2.2561413888000987,3.2126530771753092,3.5365786808327666,5.085236554105064,-0.11192440889582664,2.1591634971611384,2.4563687986286104e-17,-4.372896292675669,-4.238681872355726,-4.085197554322747,-4.198245816900725
-0.41073618001919204,-1.46348867135675,0.580648350769405,-1.2846426352514915,-0.5152500727227163,-1.5782940725494146,0.6287969357247172,0.4635150013934483,-1.2896327354962,-0.11670659410017052,-0.9577428396030013,1.3016980364757167,-0.5577453350813454,-0.724150092467839,-0.8278117653981582,-0.8278774492804382,-0.8768764851478216
0.22154502020774075,-0.9489092157322292,1.0062974101209277,-1.6225881908383513,-1.2717901184493174,-1.854707004261615e-16,1.0872136575291895,0.22840708959922598,-1.7116821268347149,-1.4304885945050545,3.8851636343242065e-17,0.8658329656403327,-2.148303301240873,0.002409949378201385,-0.07520747934243072,-0.028181064642174864,-1.3010426069826053e-17
-0.07499808418469658,-0.33193099596402686,0.4507047121925838,-1.4233501850271846,-0.5803766437889868,-1.854707004261615e-16,1.717271169810368,-0.05462380858390582,-1.5151329333354318,-0.6403144560323286,3.8851636343242065e-17,0.871034893610107,-1.9131282421490585,0.10690202389424126,0.20306750545078817,0.07668312231522637,-1.3010426069826053e-17
-0.5163414307498327,-0.8025167471097643,0.8738691074692295,-1.2177615002731703,-0.09758450893052018,-1.854707004261615e-16,1.4893814209995202,-0.46482497469665285,-1.2896327354962,-0.18403418104229938,3.8851636343242065e-17,0.9213101800912225,-2.205096650307355,0.2064053060101192,0.04154906793506159,0.19574132689368523,-1.3010426069826053e-17
-0.1153712751082399,-0.4329426677754825,1.4233756480439526,-1.330085634411844,1.6774825655564127,-0.6855744892864589,1.4353636688042943,-0.16985385544324974,-1.4228041272472658,1.3249005022026359,-0.49331137408469233,0.7893907985944809,-1.2715189161902662,0.20648360946651131,0.27684342157543584,0.19644736988292721,0.16977194369557508
2.1178465006273375,0.8510224637483617,1.5653718165863286,-0.5679319976163472,0.9324838457386243,-1.3487376082817975,-0.027082045362093368,1.1504898116889695,-0.608866770240389,0.7727492481090094,-0.9347357092179046,0.6267462665699189,-1.2715189161902662,0.15729351516032736,0.06980259354380881,0.14002190272360693,0.12340727061012588
1.038927587948015,1.0743254012662125,1.337655406568246,-1.024766488416921,1.0381619213327513,-1.1489384634562787,-0.14526836197570303,0.5678440094416042,-1.0991004473181407,0.836890924505482,-0.8021105271806508,0.32389453987901773,0.47062490668102347,0.2044845484415671,0.1801330880486806,0.19051699324474577,0.17545373098454906
1.015529563167156,1.129723694562583,1.5653718165863286,-0.7025881179102034,0.9778326463402398,-1.1489384634562787,0.5568098969431192,0.5867594674217329,-0.7607780187370056,0.8136906509586461,-0.7937844285815139,0.4463640547466443,1.514445002999359,0.15800145868020143,0.15485131168836971,0.13141122807301495,0.11801862566379558
0.6130071985692476,1.1112762046106366,1.0317998313168093,-0.5869711361713728,0.03697106395186129,-0.7025786718248009,-0.49965154711139903,0.31357298715112913,-0.6464755594047796,-0.05054099877334,-0.5037253884354768,0.1205716810590543,1.2009486586967542,0.20587629334802723,0.20306750545078817,0.19372015392078012,0.16650525601566074
-0.5447347868342325,-0.23159655987128222,-0.5127947198033161,-0.2168324117135778,0.31116517504920443,-0.9108799079194906,-1.2183377164819278,-0.48547535177318146,-0.2620520939707729,0.21007692774379497,-0.6411482346791054,0.28612062616047007,0.0621207398181885,0.20528344169242965,0.20306750545078817,0.19089101480963164,0.17364094683573014
0.6130071985692476,0.6248699273873807,-0.16968945852874195,0.37290796115589414,0.2878065764404853,-0.34549083851961865,-1.5098922170318696,0.31357298715112913,0.35542414330075567,0.18959335183616138,-0.2792917262652022,-0.5960681950758449,0.3876539827575524,0.20587629334802723,0.1801330880486806,0.18841154703807486,0.17231511339650793
-0.29957685010393686,-0.6782573882120075,-0.923959948756329,1.2422526689980353,0.8870466156749095,0.2539065959569373,-1.3731334230570993,-0.30075550584949406,1.262551998928314,0.7134925274346601,0.0791424794654581,-0.7585784525552903,-0.36858501430412965,0.20436171423411206,0.1719838434044773,0.18986103723478512,0.17607732184565572
-0.32030406173220655,0.33791957435061015,-1.799418965823481,1.789974806021758,0.39659069304542166,2.3496720938075906,-0.23936851665667325,-0.7017202962896372,1.6708368480558642,0.09252909133808183,1.0721869193298441,-0.6549770738029312,0.3876539827575524,0.620252520374613,0.6738114921774049,0.6659031328245612,0.655088856509903
0.28598911396710974,0.2605589123228582,1.4854226810627738,-1.1306937661135588,-1.9532289142491583,-0.9916497749766152,1.294139115598616e-16,2.335866025707692,-0.6276417816647188,-0.20674204705762977,0.3442375694577565,1.7659871085451635,0.2643831730983368,-2.835842092786076,-3.043363390672839,-2.9132475990230886,-3.003814064729762
-2.0029727228828618,-1.5513240752938802,0.6426953837882281,-0.881015957252193,-1.6255540696557877,1.257153365719116,1.294139115598616e-16,0.6116738747947881,-0.608866770240389,-0.8053293640783823,1.4632217323849714,1.8611508849459475,2.4563687986286104e-17,-1.750570045238888,-1.9627352875724187,-1.8854033440910167,-1.9553287275135893
0.0051497623160014295,1.6030890962551552,-1.0580981826036975,1.2111724187370145,-0.20111929265621892,1.8267934807535735,-0.20744030838282018,-0.44434397884827,1.0927085337145281,-0.48210995470652507,0.8149513537271259,-1.471698512508457,1.1127311819028853,0.620252520374613,0.6738114921774049,0.6659031328245612,0.655088856509903
-0.014812947398082081,1.0372996210242333,-0.6791571844281673,1.5339691199855738,0.7349369372823781,1.20614081810409,-0.20744030838282018,-0.4596889188502451,1.4151293061015056,0.389664840773115,0.4985515384347753,-1.5380482135468523,-0.4447514766453081,0.620252520374613,0.6738114921774049,0.6659031328245612,0.655088856509903
-1.1801996216185193,-0.05264037916101195,0.5166918814646025,-1.3072732226401824,-1.1023630297792963,0.4196973757057719,0.33505357628116195,0.6362442426582796,-1.246430315059057,-0.3854535705324641,0.697267680838461,1.712195571685582,2.4563687986286104e-17,-1.3625465747669858,-1.4835832432018232,-1.499500958381884,-1.5576344153270785
-0.19672536854152498,0.45328708145929464,0.31209194216898406,0.4397686337012948,0.7425666521593449,-0.17119796750161304,0.6186733586764082,-0.6021651209014514,0.3222031251046107,0.3961573630766731,-0.25934438949971866,-0.30133738875605576,0.1425448664307906,0.620252520374613,0.6738114921774049,0.6659031328245612,0.655088856509903
0.058144069170483134,1.240022918594826,0.3476213757385928,0.10054055850673978,0.02118905690805167,-0.3029803821737636,1.1584593537824255,-0.40388276344105895,-0.016629885259259205,-0.2602560455770652,-0.3370448397860777,-0.3817708127783336,0.2236106847001761,0.620252520374613,0.6738114921774049,0.6659031328245612,0.655088856509903
1.0738955020451153,0.510674271965939,0.3476213757385928,0.3896665102784556,0.099973486702457,-0.026662415925705913,0.9020039360907534,0.29901962367763085,0.27215935058728485,-0.18403418104229938,-0.17534525435663267,-0.5394202603952121,0.1022523786880913,0.620252520374613,0.6738114921774049,0.6659031328245612,0.655088856509903
0.8974923210913432,1.0558219244991036,0.31209194216898406,0.6703359531724016,-0.4260940122098098,0.18163882016898375,0.38150344399483593,0.18637364599476294,0.5525019260016691,-0.7175947916637305,-0.05638052070661533,-0.8242533730715612,-0.29175333052219915,0.620252520374613,0.6738114921774049,0.6659031328245612,0.655088856509903
0.1761253819017914,0.5678676186768432,0.08512981314306974,0.42309654838547245,-0.769010531564148,0.496216197128311,0.04303050766470611,-0.3152209222603546,0.30555045609022113,-1.100385182089014,0.11900488780681923,-0.780164547018201,0.3876539827575524,0.620252520374613,0.6738114921774049,0.6659031328245612,0.655088856509903
0.09108995509654158,1.4767994937091755,-0.26207894650514163,0.1522485620255487,0.04485733096908481,0.7172705701267572,0.07033595572346292,-0.33464487172669205,0.0521653008531178,-0.21434132309182666,0.250918999352653,-0.9162918849988233,0.5962588911715204,0.5687525675637533,0.5750164369835145,0.6077748691033883,0.5989738146477911
0.8437975729923964,1.0743254012662125,0.08512981314306974,0.9914474124726845,0.3344975916320565,0.9468270343943743,0.3232613363896806,0.1902306361101002,0.889045977715893,0.0572589851422328,0.37581802712937323,-0.8467696702228046,1.8352208034420383,0.5673496236148544,0.6078399720150917,0.6117393140317073,0.5916973673485109
-0.306480060811089,0.8697377256868423,-0.3587671356025485,0.7998731276856108,0.22538762395227588,0.8745592586064208,0.4601677462351806,-0.690470684187419,0.6818882415923462,-0.06514609645161322,0.32386053707699497,-0.7585784525552903,0.2236106847001761,0.620252520374613,0.6738114921774049,0.6659031328245612,0.655088856509903
-0.10189119697030542,0.9444027648265905,-0.7979564464327044,0.5721521415349055,-0.5722224389342311,1.2444002288153595,-0.9007012545810621,-0.5272917653068218,0.4544324591774622,-0.8769918898816519,0.51843987907258815,-0.869609943831768,0.6384493481092964,0.620252520374613,0.6738114921774049,0.6659031328245612,0.655088856509903
-0.6809641572053684,-0.8233346899236055,1.0062974101209277,-1.2177615002731703,-0.7031587250383674,-0.8811225884773921,2.193390852547423,0.07944350000096587,-1.2250267549011442,-0.46583038245747777,-0.48032394662445616,1.673337277168282,2.4563687986286104e-17,-0.48622394027611043,-0.7059125544958991,-0.5721513475181278,-0.6135849174880975
0.7109976679854577,-0.9069226135107091,1.5653718165863286,-1.1957809899867131,0.20975319591013503,-1.8163526280862028,1.7112465735492477,0.5961430938899747,-1.246430315059057,0.26417071408852133,-1.2516574280313248,1.1256171750881454,2.4563687986286104e-17,-0.09644493789153019,-0.20495489788008278,-0.13855812330554593,-0.16576159605182547
-1.8684425169903696,-1.4853885032381517,0.23915739734383734,-1.5204499154403837,-0.48277762253628237,-1.854707004261615e-16,1.1662281094881508,-1.5723010652540594,-1.6110715776531332,-0.5562357902107945,3.8851636343242065e-17,1.1929412555723826,-1.9432157977823896,0.15658921478517085,0.09564141547621098,0.12906839070220896,-1.3010426069826053e-17
-1.5976008000618445,-1.7737636653216655,0.6730378387458056,-1.4233501850271846,-1.0351235902555485,-1.854707004261615e-16,0.36999687062019965,-1.0244872670208163,-1.4917438708644455,-1.0717387212579963,3.8851636343242065e-17,0.8762041848574377,-1.6016750564971032,-0.09254028524572526,-0.20495489788008278,-0.14781395734227662,-1.3010426069826053e-17
-2.8490329460278914,-2.6868087230742375,0.4839601616719981,-1.2177615002731703,-1.2717901184493174,-1.854707004261615e-16,0.21367292460560916,-2.6795630988278667,-1.2896327354962,-1.5256783161799137,3.8851636343242065e-17,0.6864344591700782,-2.579354534586137,0.2069492850210965,0.04154906793506159,0.1858127771327421,-1.3010426069826053e-17
-1.6543248599923581,-1.3328950969311533,0.9010383995950247,-1.2846426352514915,-0.3052284899146257,0.1178731356502012,0.6588593248637126,-1.4313747685290537,-1.3777689220877336,-0.3934158444307736,0.0010419092335152034,0.6335722155464567,-0.6322315201293799,0.20762542240978238,0.30569281300576223,0.1893788519565614,0.16854161144273613
1.1778811534805675,0.14382586663238536,0.9804781805636189,-0.6060738476553297,-1.1276546122396924,-1.6165534832606843,-0.30502835347487695,0.6453707244468253,-0.6653692246911999,-1.3376051779371179,-1.1378499977961045,0.42973257368329276,-0.057304753674128135,0.20562978001981025,0.19566303384413386,0.1834634836004962,0.18354248786208352
1.5204117907043653,0.4915668873188985,1.1064816828872446,-0.4363384843660047,-0.25710548925331633,-1.3147292432051134,-1.278339532246471,0.8616784533622316,-0.4790004824987727,-0.3223437750438908,-0.9090088669835481,0.4463640547466443,-0.36858501430412965,0.15461751115331074,0.12684270001199338,0.14106472174062934,0.11223280783916245
-0.47393538886958914,-0.6782573882120075,0.9278571104176163,-0.962561662099657,-0.8516972280171378,-0.8173569039586095,0.12375517467821279,-0.3838989246252191,-1.0375791550724816,-0.9777675093375264,-0.569310379932468,0.5847129288884323,-0.887556574262466,0.15494662780462717,0.21375423659295523,0.13562418575941418,0.11088459171153463
1.0272372148302005,1.129723694562583,0.7901629796359808,0.22071792382213692,0.30338189333609417,-0.9959008206112007,-0.2718894167985607,0.5961430938899747,0.20502560877602344,0.2236720962597211,-0.6896539356847609,0.28612062616047007,-1.029649872516378,0.154019928138149,0.14121468601504591,0.14323791723119328,0.11983262202816114
1.672769561060351,1.4948915421743056,0.9010383995950247,0.6049818866793375,0.0842416022496256,-0.6218088047676764,-0.8304263502405624,0.9064122387470256,0.6012007309299036,-0.007056598717508871,-0.4518675714390504,0.0157513732433469,1.2009486586967542,0.20835404623921033,0.16233489719250524,0.19891209692054065,0.16653265998466785
1.0330845582846615,1.2033294531393302,0.2017073525938757,-0.14516780202695578,0.6891041403800343,-0.5240347551722098,-0.7631015365171204,0.6331915450219687,-0.1559413955554424,0.5921585559498033,-0.3699612841130195,0.17497070845352986,0.1022523786880913,0.10514964016535472,0.02119958472518872,0.08579194350569126,0.05579970118671202
0.07133854787681988,0.7194566429304805,-0.6791571844281673,-0.4923868494090926,0.8263242761781961,-0.8768715428428066,-0.2718894167985607,-0.04170059995750393,-0.5528836790925505,0.6593669201588847,-0.6197501984611189,-0.4671797662091326,0.42906067458133723,0.20879107854131468,0.23689887739752555,0.19797157155844144,0.18066080916150964
-0.6018187116331694,-0.15180365443094987,-2.6421462630980286,0.6377091944267095,-0.13733880545559823,1.0658563121627684,0.6186733586764082,-0.9371390431172052,0.519913164361353,-0.4174023679555488,0.42516222577917323,0.027865951051809116,-1.099643631865562,0.620252520374613,0.6738114921774049,0.6659031328245612,0.655088856509903
0.03831187907165753,-0.49388312993730565,-0.7377081337780796,1.0860904351050524,0.24881691399564568,1.8522997545610866,0.4929202907720234,0.35659943306069775,1.2778858618065543,0.40910951561196024,1.127631869765677,-0.44967706261598633,-0.4825840353669543,-0.29132247974515874,-0.40010072291620474,-0.3635668280458632,-0.3956226328043083
-0.0682887239047205,-0.27165031978062376,-1.0580981826036975,1.7750370829124091,0.318945547666217,1.6014880621205418,-0.012840834229096307,-0.501075416732891,1.655916521410672,0.02166138952522163,0.7015778397242498,-2.8023384235877082,-0.096788646563647,0.620252520374613,0.6738114921774049,0.6659031328245612,0.655088856509903
0.09108995509654158,-0.33193099596402686,0.27594457452284454,-1.4713594021261924,-1.9801884594653247,-1.378494927723896,1.294139115598616e-16,2.388291305144171,-1.1825920017065463,-0.06514609645161322,0.024811374158786578,1.8940864775747839,-2.424036118400907,-2.975053101623897,-3.123714693428165,-3.0349868021938295,-3.1283160899774978
-0.8785267557271517,-0.23159655987128222,-0.03837708677693062,0.47302838618697896,0.03697106395186129,0.8235467109913948,0.04303050766470611,-1.1806698955086956,0.35542414330075567,-0.2448899588584213,0.2965979655909158,-0.8242533730715612,0.8517279147354611,0.620252520374613,0.6738114921774049,0.6659031328245612,0.655088856509903
-0.03482500871200283,-0.13192011260047584,-0.6791571844281673,0.0832345578242618,-0.48277762253628237,-0.16269587623244203,-0.9248335837887445,-0.42909327458867685,-0.016629885259259205,-0.7524480635559302,-0.24443040866694757,-0.6154464286025746,0.3876539827575524,0.5680854307837429,0.5710046608303152,0.5990459019668606,0.5964926351885748
0.1107931815945308,0.6248699273873807,-0.7377081337780796,-0.18091270164413156,0.12354811447225736,0.27091077849527934,1.448994322490709,-0.3640772267580104,-0.2977553650974205,-0.1614600225693745,-0.006106677197666669,-1.991980449564977,-0.057304753674128135,0.620252520374613,0.6738114921774049,0.6659031328245612,0.655088856509903
-0.23086487592244764,0.006556165883187394,-1.4370391807792287,0.555698246844688,0.4662284032121511,0.9213207605868613,0.4380194267330179,-0.629441533964677,0.43799772668399456,0.15520896436991063,0.34875775029298584,-0.7372891883184376,0.022150380768326018,0.620252520374613,0.6738114921774049,0.6659031328245612,0.655088856509903
-1.4932669508935736,-1.1608395491816965,0.416908500058601,-1.6491275525898843,-1.5819159516830834,0.4196973757057719,0.6786497585169927,-1.1080489015371862,-1.7377518798060678,-1.884661635926811,0.2141535207741638,1.0952270386293192,-1.5694891178788808,0.05724814707931317,-0.1349209362385966,0.027214572607313414,0.0017436936794660346
-1.4217926202734137,-2.092574611044811,0.9543341723118307,-1.703728663127204,-0.8351262922309082,-1.854707004261615e-16,0.8664548206086867,-1.1015350722280526,-1.791255914320751,-0.9316317720363297,3.8851636343242065e-17,0.9115015405033708,-1.8523697320052883,0.10616621605189018,-0.28822847484267256,0.07561111495706135,-1.3010426069826053e-17
1.4264424742468362,1.3314424178505364,1.2020581194836273,-0.4736476973590616,0.8870466156749095,-1.2509635586863308,0.09723982846670132,0.8129211302473711,-0.5158365178575091,0.7373052344498913,-0.8636671612918388,0.18554573237140567,1.0688496361493893,0.15460489088361168,0.11167428266191372,0.1352775171889709,0.10996716734986801
-0.0014990045194352452,0.6627666876369751,0.580648350769405,-0.5300394888167271,0.3344975916320565,-0.17544901313619854,-0.8769304813924587,-0.08945666003381621,-0.590149441796578,0.23045164445256255,-0.17534525435663267,0.45457859688833985,0.9381179764881834,0.20588941215642456,0.2239667925051204,0.19334488272933487,0.1733609260372088
-0.7754945090357218,-0.05264037916101195,-0.16968945852874195,-0.722101293103299,0.8870466156749095,-0.32423561034669113,-0.9742340632480756,-0.6681139942688125,-0.7800569422297444,0.7134925274346601,-0.26681628519039424,-0.6154464286025746,0.5123462819748802,0.20711534388415556,0.14583910157663024,0.18986103723478512,0.175816744722134
-0.84158129580561,-0.27165031978062376,-0.4601736496573126,0.42309654838547245,0.45850209585581136,0.2369024134185953,-2.384223986634128,-0.7186845563190596,0.40504905601997326,0.34390669395529533,0.06972697303802224,-0.6549770738029312,0.8087632817513659,0.20451870746902748,0.19187281306029885,0.1908059443642319,0.17377447847087252
-0.43876434924170216,0.33791957435061015,-0.3587671356025485,0.9597347612709722,0.45850209585581136,1.078609449066525,-0.16060770957242626,-0.7993025484748448,0.8415637004067391,0.14829492551854423,0.4318647241355787,-0.05959185160680815,0.42906067458133723,0.620252520374613,0.6738114921774049,0.6659031328245612,0.655088856509903
0.07792771702835884,0.37646430470701747,-0.1249905045668159,-0.18091270164413156,0.8415199113306234,-0.1329385567903435,-0.05590627099468391,-0.3888796145955723,-0.2977553650974205,0.47957460457380885,-0.23698820964237882,-0.44967706261598633,0.9815426792929555,0.620252520374613,0.6738114921774049,0.6659031328245612,0.655088856509903
0.5387174265114256,0.3186134810653074,-0.16968945852874195,0.3393022685720129,0.24101012183873288,-0.09467914607907396,-0.6160605031312727,-0.05462380858390582,0.2218537630491651,-0.05054099877334,-0.21472010683558374,-0.675140259402354,2.4498939594794042,0.620252520374613,0.6738114921774049,0.6659031328245612,0.655088856509903
-0.04819391110244504,0.8135325085540915,-0.4088519989041232,0.8159596489708152,0.05274045040192642,0.27091077849527934,-0.5763495231783079,-0.48547535177318146,0.6979560285236673,-0.22958521396657666,-0.006106677197666669,-0.9889348862938018,-0.33025208467405387,0.620252520374613,0.6738114921774049,0.6659031328245612,0.655088856509903
-0.09515955108855118,0.33791957435061015,-0.5127947198033161,1.670055772336387,0.04485733096908481,1.112617814143209,-0.33881239837189736,-0.5220267323817025,1.551057472011482,-0.23722994930917815,0.449707700396725,-1.0392068031987238,0.8517279147354611,0.620252520374613,0.6738114921774049,0.6659031328245612,0.655088856509903
0.0515387434957798,0.9444027648265905,-1.0580981826036975,0.23775311771621466,0.0842416022496256,1.1678814073928205,0.21367292460560916,-0.3200622081608203,0.1374061562979024,-0.1539647445143792,0.5051869348828927,-1.8289698070394909,-0.057304753674128135,0.5176477414161414,0.5796113492206414,0.5517940502461913,0.5359813287619833
0.5511470750703718,-4.686639585983864,-1.1285598880519474,-7.132537454713942e-17,-4.59471202306845,-2.8536077629250656,1.294139115598616e-16,3.26530602023626,8.970302160416891e-17,-3.375005675699551,-0.3269569299439182,2.225294753144007,2.4563687986286104e-17,-4.621364655664558,6.334598274436626e-18,-4.2088854269333575,-4.324541371414409
-0.6089822593121417,-0.9069226135107091,-0.9899471180283487,0.1865497225445735,-1.161442975034496,0.9213207605868613,-1.3731334230570993,-0.9432896561510871,0.06927911255321567,-1.579600914003483,0.34875775029298584,-0.13981955758781314,0.2643831730983368,0.620252520374613,0.6738114921774049,0.6659031328245612,0.655088856509903
-0.6593031688224346,-0.7402493362303658,-1.1285598880519474,0.10054055850673978,0.40433948958681254,1.0318479470860844,-0.20744030838282018,-0.9867231378281169,-0.016629885259259205,0.09954434215917392,0.40725828473387904,-1.199678225187023,-0.4825840353669543,0.620252520374613,0.6738114921774049,0.6659031328245612,0.655088856509903
-1.0355311845354205,-1.398021039953624,-1.3555220170778628,0.3393022685720129,-0.4746688584084882,1.3421742784108261,0.4711471179884141,-1.3244084679232013,0.2218537630491651,-0.7699942429422878,0.569025367152149,-0.3653008527668335,0.9815426792929555,0.620252520374613,0.6738114921774049,0.6659031328245612,0.655088856509903
0.058144069170483134,1.5670903591382515,-0.4088519989041232,1.7301352168484112,0.40433948958681254,1.5122161037942463,0.5251276738412525,-0.40388276344105895,1.6110669480353137,0.09954434215917392,0.6562019990509557,-1.4393860465946033,-0.6322315201293799,0.620252520374613,0.6738114921774049,0.6659031328245612,0.655088856509903
-0.5376272042895954,-1.1181810092851756,1.1307909804848566,-1.1522525680482527,-1.391574209853717,-0.3114824734429346,1.294139115598616e-16,1.4304099364019374,-0.9369065443400423,-0.3301759197575984,0.4184534799376652,1.7977061368320297,2.4563687986286104e-17,-1.915853189972031,-2.1391708675304244,-2.0548466437366137,-2.1241864458342565
1.1260593158846413,-0.4329426677754825,2.068008242166329,-1.2177615002731703,-0.3695896669203158,-1.0894238245720818,1.4216468804809772,1.2928778557013367,-1.203748748317143,0.09954434215917392,-0.5561235104085054,1.5158655208338294,-1.9131282421490585,-0.8177192772295742,-0.9133994523369224,-0.9317109080065961,-0.9746883344282459
-0.960394514204247,-1.8187618997188746,0.5489161122420853,-1.4957601848590762,-0.4665638130478594,-1.854707004261615e-16,1.0383273889698146,-0.6625543220441019,-1.5866992120584635,-0.49027573735483054,3.8851636343242065e-17,1.1547612159155465,-1.6654853589633536,0.057265207259191375,0.12684270001199338,0.020407069705594597,-1.3010426069826053e-17
1.8327790078705808,1.386081701629828,1.7527437723899166,1.1174773363358639,1.3895795063249934,-0.4942774357301113,-0.10002870519541249,0.9873172591697303,1.1237525879331076,1.1102544528354303,-0.37250170208330946,0.42973257368329276,-0.33025208467405387,0.20646610319040387,0.20306750545078817,0.19625628682670243,0.17487293930350725
1.806337754738038,1.0187584075514455,1.0569931246395687,1.1800171840046432,2.2297326110506543,-0.5452899833451373,0.5251276738412525,1.0044635695923307,1.2164459179669562,1.7395122616238017,-0.3928688175394694,0.0035136657209872317,-0.33025208467405387,0.15514355575088135,0.10853917494717469,0.13258174005558596,0.10792468855866273
0.8198163365498471,0.7194566429304805,0.8738691074692295,0.35611998484905416,1.2406567689402102,-0.8726204972082211,-0.4625742132300829,0.6209277385407233,0.40504905601997326,1.121008551062129,-0.569310379932468,-0.16773384296251034,-0.887556574262466,-0.04654843413752766,-0.11603245415340716,-0.08481515256815922,-0.10800656568437687
1.8591307811925304,1.7642692824616804,1.1785728837157918,1.6248352525939573,1.8603816321265243,-0.36674606669254617,-0.32183797360789607,1.028626675705484,1.6708368480558642,1.4844588634836071,-0.2817901762241513,-0.046708261355950284,0.3876539827575524,0.1575764144356607,0.14248389854227925,0.1322869351770101,0.11467421438742735
1.085517226084179,1.0928101339688525,0.9010383995950247,1.4730680589894714,1.8968122286672278,-0.32423561034669113,-0.6774716342345115,0.5930206734741981,1.5058896160615916,1.4844588634836071,-0.26681628519039424,0.0157513732433469,-0.25308922665773637,0.20638885193816792,0.1627034191955108,0.19137540815314397,0.175816744722134
0.6191669618684994,0.4724378593626789,0.9543341723118307,0.8960540356237972,1.225715016220279,-0.9023778166503196,-1.7862814998103753,0.31719467877519086,0.9048318875285932,0.9843642407174691,-0.6357896437343966,-0.8467696702228046,0.8948462678095433,0.20612540879483207,0.16141126473863654,0.1944908986458938,0.17541530316176143
0.1631011996421352,-0.596020985471123,0.27594457452284454,1.0072724008892044,0.7425666521593449,0.1306262725539577,-0.9248335837887445,0.021802457202989692,1.0147683143654187,0.5921585559498033,0.00818227310067814,-0.780164547018201,1.9748974597858537,0.20740185885577686,0.1831212781557651,0.18990764858004988,0.17035365711065548
0.0051497623160014295,-0.21160923010986826,-0.4088519989041232,0.9914474124726845,0.154937951356916,-0.5027795269992823,-0.6160605031312727,-0.354226632274431,0.9048318875285932,-0.08715859809557475,-0.4389847648072143,-0.8927815036307623,1.6053572832053926,0.5171639057547518,0.543149434180519,0.553753807188465,0.5398042707454265
-0.9753672529226275,-0.6370798807335915,-2.0074345529726356,0.9120065762828933,-0.5477828535252575,1.3251700958724841,0.21367292460560916,-1.2688427300470981,0.7938910996367718,-0.8499612244121145,0.560252406707372,-0.8467696702228046,0.6807953942104994,0.620252520374613,0.6738114921774049,0.6659031328245612,0.655088856509903
0.011793070393398787,0.7947576327336947,-2.1198090146490998,1.1644111052629413,0.318945547666217,0.7980404371838817,-0.3907619606734619,-0.43924997788559217,1.0460016784405308,0.02166138952522163,0.28292622572884135,-1.199678225187023,0.7232966492896027,0.620252520374613,0.6738114921774049,0.6659031328245612,0.655088856509903
0.4950610247608565,-0.4532280350271975,1.734748670791207,-1.3530890049770516,0.17061457012787265,-1.854707004261615e-16,1.5744102600586594,0.31719467877519086,-1.4228041272472658,0.12747767887461775,3.8851636343242065e-17,0.8393223642745532,-0.9233416766434164,0.10582129411446302,-0.10392187063461561,0.08015882171991799,-1.3010426069826053e-17
0.22801269049871914,-0.07242242876591452,1.1064816828872446,-1.0879624344862218,0.5433393536472942,-0.5792983484218214,1.2941064806101026,0.10769221851566389,-1.1615524832282378,0.4412997425419098,-0.41587600895430177,0.4708095041450924,-1.2375016385960993,0.15558779405164333,0.14121468601504591,0.1403067183147842,0.11553065714772182
0.0515387434957798,0.7759627018095382,0.7029436964428538,-0.4736476973590616,0.5433393536472942,-0.9661435011691022,-0.7412686570278518,0.11569461645485211,-0.49739255838181506,0.5174711256985304,-0.6411482346791054,0.1205716810590543,-0.25308922665773637,0.006731951778309979,-0.014228033615048107,-0.030004848858345687,-0.05795048442290693
1.3930064697584357,1.0743254012662125,0.8184412560038848,-0.6060738476553297,0.6584966391148214,-1.5825451181840002,0.001289115524453563,0.7626746629523165,-0.6653692246911999,0.5174711256985304,-1.1107206200317612,0.2956890515754689,-0.6692201654772466,0.20553894442995677,0.19566303384413386,0.19604185724858358,0.16864263574464425
0.4700072473785638,1.1665632547597955,0.3476213757385928,0.20365025047658983,0.318945547666217,-0.6303108960368474,-0.6567461487815964,0.30266798657763166,0.20502560877602344,0.26417071408852133,-0.4389847648072143,0.4708095041450924,-0.29175333052219915,0.10458617749663328,0.055325231934850505,0.08392782859241561,0.06094882470099714
-0.5589684979262536,-0.21160923010986826,0.2017073525938757,-0.5111837516955362,1.0833083265317995,-0.5240347551722098,-1.278339532246471,-0.49586464264959595,-0.5714887490586463,0.8714301986904311,-0.3903186489209284,-0.3817708127783336,0.8948462678095433,0.2047202263616627,0.2305270811154044,0.19467270740837717,0.16961488349313084
-0.6018187116331694,-0.33193099596402686,-0.6222105742170486,0.031100437586589088,1.6921609573246668,-0.5325368464413808,-0.8535092998209857,-0.5325677416293003,6.20718927941257e-4,1.3350698278044015,-0.3954202164401526,-0.43238882420334385,0.34640523182557176,0.20844768614098005,0.17527559188024125,0.19765972169303345,0.16809138107149327
-0.4528145975297567,-0.49388312993730565,-0.309860849736075,0.4397686337012948,0.0763709982560569,0.21139613961108228,-1.1892108420777314,-0.4189781124175449,0.4215366772618188,-0.014269834154873071,0.05557754394917894,-0.021339012046713995,2.163167538834931,0.20890746395912246,0.19566303384413386,0.19805471135275057,0.1702784245404823
-0.6161520752263944,-0.33193099596402686,-0.6791571844281673,0.4063959390239092,0.3500380770080504,0.28791496103362135,-2.1916697586617997,-0.5431526409887566,0.38853460350461816,0.24397488071037707,0.100276852024843,-0.675140259402354,0.3876539827575524,0.2078852074433621,0.18802206343560077,0.19496676751242956,0.16963340400202404
-0.41073618001919204,-0.596020985471123,-1.201494432877096,0.9279374273791697,0.9400480922183015,1.010592718913157,-0.04143650868940277,-0.7760218728341083,0.8098033976725818,0.5612154218417011,0.39604554669685466,-0.6154464286025746,0.5962588911715204,0.620252520374613,0.6738114921774049,0.6659031328245612,0.655088856509903
-0.93798622117007735,-0.6165356989869116,-0.8600034794515266,0.37290796115589414,0.7806766079078515,0.45795678641704146,1.9730013922648395,-1.1806698955086956,0.27215935058728485,0.45410053408019846,0.10964765546520723,-0.4671797662091326,-0.6322315201293799,0.5693986320287826,0.5861357773440163,0.6008227981692172,0.5948522528004639
-0.18991464338850075,0.45328708145929464,-0.8600034794515266,1.7151380676550805,0.7578183425482372,1.4484504192754637,0.4601677462351806,-0.5967440962336383,1.5960872645137245,0.40910951561196024,0.6236271733628767,-0.5210168978683685,-0.9589526412779869,0.620252520374613,0.6738114921774049,0.6659031328245612,0.655088856509903
0.09108995509654158,0.2217411245002063,-1.702730776726073,1.0546239703566571,0.6584966391148214,0.8958144867793483,0.33505357628116195,-0.3789283685744985,0.9363424015714631,0.324127629428288,0.3351884480438433,-1.407628039093042,0.1425448664307906,0.620252520374613,0.6738114921774049,0.6659031328245612,0.655088856509903
-0.0682887239047205,0.7571476226183502,-1.201494432877096,1.8048978914165679,0.8794650736562876,1.2444002288153595,-1.0779786193054666,-0.501075416732891,1.685742554033592,0.5111809954868556,0.51843987907258815,-1.5045806424453387,-0.13610949448973395,0.620252520374613,0.6738114921774049,0.6659031328245612,0.655088856509903
3.073658269461277,1.0001982001364333,2.1435955266637845,-1.1522525680482527,-1.9801884594653247,-2.7430805764258426,1.4692814348507093,3.214149450159325,1.201041994316401,3.699760028114994,-1.0600226914257107,2.125049634293327,2.4563687986286104e-17,-4.335485507344804,-4.2163171186428245,-4.063594972793029,-4.176046483861179
1.2805151807881971,0.7947576327336947,1.4854226810627738,-1.0879624344862218,-0.8434096410760303,-1.0299091856878848,2.994398481970639,1.3568856341415276,-1.0375791550724816,-0.4334771651070799,-0.5115500675115444,1.755264936856633,2.4563687986286104e-17,-0.8180647722015839,-1.0349725999934083,-0.9269848103407189,-0.974101457033822
1.0622566851369535,0.981618914173338,0.9543341723118307,-0.7416882468527188,1.188320627978382,-0.47302220755718377,1.7707771720994019,1.2667827416443493,-0.6464755594047796,1.5184943876251729,-0.10949871555687016,1.6511017355303157,2.4563687986286104e-17,-0.8189621514754599,-0.939985643890806,-0.9327872001867231,-0.9784413668285432
-0.2720223936375868,1.129723694562583,0.9543341723118307,-1.8213526216210347,-2.2165556327305174,-0.5452899833451373,1.294139115598616e-16,1.8372028570142582,-1.8469601158969893,-1.2469189483627083,0.4340975062735025,2.0728930577068305,2.4563687986286104e-17,-2.315175644505851,-2.4116785336271205,-2.4377395173349323,-2.515558860123056
-1.05064086880245,-0.19164806757504307,0.08512981314306974,-1.2177615002731703,-1.408769351769373,-0.5282858008067953,1.294139115598616e-16,1.1504898116889695,-1.0375791550724816,-0.4254313415790473,0.20723757138259546,1.7729884100631794,2.4563687986286104e-17,-1.8325883015417268,-2.086532041329294,-1.9719359349884342,-2.039050072066135
3.220459641953233,1.7999092507544425,1.2252809448917816,-0.3074317299585961,0.6048316439498457,-1.6633149852411246,1.9622236639541275,2.053064373911916,-0.103420416432662,1.0940665322162726,-0.9925060393925419,1.448454945408207,2.4563687986286104e-17,-0.9106154993535123,-1.0965232957011548,-1.032714274790585,-1.0816881458473764
-0.760880393632698,-1.203638185892202,0.31209194216898406,-1.3072732226401824,-0.7525230810236627,-1.854707004261615e-16,0.7558967069222807,-0.5537816758633517,-1.3777689220877336,-0.8409931887345524,3.8851636343242065e-17,1.3795626516538668,-1.7285419709762209,0.10463486145767018,-0.04853459525374118,0.0889706260513597,-1.3010426069826053e-17
-0.05488664576613632,-0.8233346899236055,1.1548192394435317,-1.4957601848590762,-0.4990063481895705,-1.854707004261615e-16,0.9627617480352851,-0.037409550583266823,-1.5866992120584635,-0.5562357902107945,3.8851636343242065e-17,0.9065520478183982,-1.5045592717533995,0.10291712517909977,0.12684270001199338,0.08906387866905237,-1.3010426069826053e-17
0.03831187907165753,0.04589720917126265,0.27594457452284454,-0.4363384843660047,-1.6168148438747574,-0.6515661242097749,0.04303050766470611,-0.020328220830701276,-0.4790004824987727,-1.9799170577482597,-0.4621970570379149,0.6335722155464567,-0.17526684548472254,0.15705239653435935,0.12684270001199338,0.12717724257061835,0.11555656762114015
0.4762780399922844,0.3186134810653074,-0.26207894650514163,-0.5111837516955362,-0.7195972745959686,-0.8683694515736355,-0.7631015365171204,0.30630965738314336,-0.5528836790925505,-0.7964650052067721,-0.5931371283555366,0.2064026820346927,0.7659527363928337,0.10489551202773914,0.09564141547621098,0.0741902299919013,0.05036945302650417
0.9330882411065481,1.3496730654315507,-0.566782722751703,-0.5679319976163472,-0.4990063481895705,-0.5707962571526504,-0.8076708370472948,0.6814082288209008,-0.590149441796578,-0.4739615276135935,-0.36742207366192986,0.38693209283684515,0.18299777610262458,-0.043738307097386867,-0.06430577989469127,-0.09244971170811309,-0.11973127060326513
-0.8121438346814756,-0.6576537150219073,-1.201494432877096,-0.6060738476553297,-0.18515395275350838,-0.8003527214202675,-0.8076708370472948,-0.6960895233195596,-0.6653692246911999,-0.26796224616967507,-0.569310379932468,0.6335722155464567,0.42906067458133723,0.20567678517262294,0.19566303384413386,0.1856036538300713,0.17934410925288713
-0.14916979009079223,-0.01315121778440939,-0.4088519989041232,0.06589283715806125,-0.25710548925331633,-0.36674606669254617,-0.49965154711139903,-0.19269721008004786,0.03501789914695559,-0.3458883741440109,-0.2917952549279988,0.4463640547466443,-0.5577453350813454,0.20513715258223345,0.18489690304281162,0.19510142252485727,0.16876197406454663
-0.637699233127036,-0.29171705308836293,0.12471998636539715,0.7837636090178081,1.4563066248931984,-0.030913461560291417,-1.0779786193054666,-0.5591128193728897,0.7779571372977951,1.1637258008394624,-0.08771175140723415,-1.0910362189412577,-0.9233416766434164,0.20703860342457198,0.19992241103127936,0.18970041719584657,0.17051624238840593
-0.5447347868342325,-0.4329426677754825,0.08512981314306974,0.5885799393478836,0.9249171429348453,-0.030913461560291417,-1.0513856446895995,-0.48547535177318146,0.5849920791506742,0.743235372529387,-0.08771175140723415,-0.3653008527668335,-0.01765826344587589,0.20528344169242965,0.15862025871030871,0.19344657752363986,0.17051624238840593
0.24738459571662447,0.20229745200510418,0.3476213757385928,0.6377091944267095,0.833923353757948,0.8533040304334932,-0.8769304813924587,0.07944350000096587,0.6335462602191569,0.66541875015113,0.4206904242753311,-0.6350809509437704,-0.17526684548472254,0.2057803999202404,0.1696058736293157,0.19869113691649032,0.16929827319697913
-0.4880463075295412,-0.6782573882120075,0.12471998636539715,0.8800796270065607,0.013293301669848377,1.626994335928055,-1.0779786193054666,-0.787637231160504,0.7779571372977951,-0.2448899588584213,0.7295364131540979,-0.25528171158984003,0.2643831730983368,0.5656273801572875,0.604687821694436,0.6073112422363611,0.5919070477939399
-0.0817130031728636,-0.3118105599869716,-0.03837708677693062,0.42309654838547245,0.11569298868513697,1.078609449066525,-0.8304263502405624,-0.5115293704909197,0.30555045609022113,-0.16896998286304626,0.4318647241355787,-1.1718691283898162,-0.01765826344587589,0.620252520374613,0.6738114921774049,0.6659031328245612,0.655088856509903
-1.088536317328222,-0.29171705308836293,0.31209194216898406,0.1694159568703501,0.20975319591013503,1.5207181950634172,-0.49965154711139903,-1.3174072491617281,0.06927911255321567,-0.05783659279985369,0.6756811743031536,-1.1718691283898162,-0.4825840353669543,0.5686266052959089,0.5759709331490148,0.6100933365915581,0.5904492607049198
0.3690018961470109,0.20229745200510418,-0.566782722751703,0.20365025047658983,0.5279391485032168,-0.2604699258279086,0.6287969357247172,1.7736786307312289,0.9520673206014175,1.7984605968795861,0.47860937198281034,-0.7585784525552903,-0.4447514766453081,-1.9573300839989876,-2.1677469064314283,-2.092998399307069,-2.1644285146748095
-0.2926794870979424,0.10472643593860921,-1.4370391807792287,0.3393022685720129,0.0842416022496256,0.4919651514937255,0.3232613363896806,-0.6792686732596147,0.2218537630491651,-0.19915780422026053,0.11666684736062934,-0.9643604358418355,-0.36858501430412965,0.620252520374613,0.6738114921774049,0.6659031328245612,0.655088856509903
-0.7535830681034011,-0.6165356989869116,-0.2153708853291509,0.555698246844688,1.1133585913009647,0.8107935740876382,0.4929202907720234,-1.0691824375815326,0.43799772668399456,0.7015304787162135,0.2897654909663695,-0.3490260605521359,-1.134375230985244,0.620252520374613,0.6738114921774049,0.6659031328245612,0.655088856509903
-0.014812947398082081,1.0743254012662125,-0.7979564464327044,0.23775311771621466,0.49710585503981836,1.189136635565748,-0.33881239837189736,0.3244181967160484,0.33882759279112035,0.6350636152932772,0.7595355254594848,-1.3155367496552035,0.34640523182557176,-0.2913166209121986,-0.3720434703154778,-0.3634734802006036,-0.39220985282501425
-0.48098780267731195,0.9630204643872525,-0.7377081337780796,0.4063959390239092,0.18627906464439584,1.3464253240454116,-0.16060770957242626,-0.8346011312134896,0.28886929624917884,-0.10190412974995804,0.5712170107069204,-1.407628039093042,-0.5202488214135095,0.620252520374613,0.6738114921774049,0.6659031328245612,0.655088856509903
0.09766304002829297,0.33791957435061015,0.9804781805636189,-0.7416882468527188,0.154937951356916,-0.6048046222293344,1.6314111072246935,0.8536531375814491,-0.6276417816647188,0.6533055220520001,-0.1900792669080501,1.4810800173832444,2.4563687986286104e-17,-0.8635592987637479,-1.0469425606751188,-0.9795148157126311,-1.0240532410138743
-0.5660946462053231,-1.2681032463184367,1.1064816828872446,-1.0879624344862218,0.13140016644556562,-0.47302220755718377,1.3799672237793368,0.3742513377984062,-1.0579878731958607,0.5425289502220203,-0.13623609904156211,1.6571341577107512,2.4563687986286104e-17,-0.7256857716908662,-0.8733288056619009,-0.8260766123390141,-0.8754290369890584
2.0770275413012937,0.7194566429304805,2.355142841512533,-0.5869711361713728,0.3578040012889181,-1.9396329514891824,1.840199842046569,1.7294274856273786,-0.4241270494207639,0.8999771176589364,-1.2267248086890676,1.4138390874441322,2.4563687986286104e-17,-0.9560364900057092,-1.149001076913268,-1.0761814330739794,-1.130995584355891
1.5149152343332564,-0.534651841271473,2.036986453569395,-1.2177615002731703,-0.6212057332684183,-1.446511657877264,0.988259387295755,0.9823827217882407,-1.2679640096248188,-0.6148966822399774,-0.9721901761144177,1.284297936640647,2.4563687986286104e-17,-0.04423792940479268,-0.2310677942364223,-0.07997587984041865,-0.12144330760418415
-0.306480060811089,-0.4532280350271975,1.679809227564768,-0.7416882468527188,0.4430411057307179,-0.43476279684591423,0.7464029474791949,-0.3055675975870598,-0.7994048461596749,0.3307319954094905,-0.33452110434749,0.6129427845508633,-0.36858501430412965,0.20408669067461674,0.13650861368511247,0.18921235475705026,0.17101094814357956
-1.429704008352992,-1.0121348008431885,-0.923959948756329,0.0832345578242618,0.12354811447225736,0.19864300270732577,-1.1050381773797506,-1.2210435734472331,0.0521653008531178,0.03594011554250821,0.04849097079848577,0.15352036981984335,1.2009486586967542,0.20438669835854947,0.18956971918271762,0.18668216898086132,0.1685112959748764
-0.930530295915251,-0.3722532851515365,0.4839601616719981,0.06589283715806125,-0.0025077505209893623,-0.12443646552117249,-1.8765963815250426,-0.7934636276202987,0.03501789914695559,-0.08715859809557475,-0.14354918201842104,-0.021339012046713995,1.5598270296407473,0.20661194359263307,0.18489690304281162,0.18930458295275818,0.16864263574464425
0.7049083912569842,0.16333994560047954,0.3476213757385928,0.5721521415349055,0.12354811447225736,0.30066809793737787,-1.3731334230570993,0.37073376778484196,0.5687592170437544,0.03594011554250821,0.10730623022721034,-0.6549770738029312,0.9815426792929555,0.2048371160588397,0.15485131168836971,0.18668216898086132,0.17134966073685143
0.4007028719385094,-0.09222964112052189,0.7029436964428538,0.6377091944267095,-0.4099317698276286,0.6620069768771456,-0.6160605031312727,-0.15174103567686925,0.519913164361353,-0.7002862588606821,0.20954368161273154,-0.6154464286025746,2.0687428503942096,0.620252520374613,0.6738114921774049,0.6659031328245612,0.655088856509903
0.5759485847232917,0.7383123012284188,0.27594457452284454,0.6866121995220764,-0.16920213711295767,0.6917642963192442,1.4760020298858618,-0.0288523558540153,0.5687592170437544,-0.4496196458146077,0.22566428279199907,-0.4671797662091326,-0.40675163979666945,0.620252520374613,0.6738114921774049,0.6659031328245612,0.655088856509903
-0.32722487019938945,-0.05264037916101195,-0.8600034794515266,0.10054055850673978,-0.4584624762449983,0.5344756078395805,-0.10002870519541249,-0.7073630366419846,-0.016629885259259205,-0.7524480635559302,0.14000947876261563,-0.8020539598242877,-0.21426024316524145,0.620252520374613,0.6738114921774049,0.6659031328245612,0.655088856509903
-0.8121438346814756,0.06553113296575563,-0.16968945852874195,0.32245449338911536,0.5048183034551591,1.0360989927206699,0.22617047020698255,-1.0118437157354687,0.2218537630491651,0.2372192252107746,0.4363295979668837,-0.8467696702228046,-0.6692201654772466,0.5144599604594524,0.5837978506606064,0.5457273539421605,0.5322023583579101
-0.1288737920009352,0.7005805522284466,-1.0580981826036975,0.8159596489708152,0.139249151807914,1.609990153389713,-0.11498132839725057,0.2547112581204262,0.9834572531938602,0.3042459936673077,0.9956276605061315,-0.6350809509437704,0.3053148259897477,-0.29184705210936257,-0.40771963935853495,-0.3602589255819864,-0.3964649304903645
-0.44578645182672927,0.6058902140173922,-0.7377081337780796,0.25475619951500517,-0.826847168511286,1.4654546018138057,0.6588593248637126,-0.805154031682204,0.1374061562979024,-1.168071264318221,0.6323272900522184,-0.558060069251873,0.5542244068622436,0.620252520374613,0.6738114921774049,0.6659031328245612,0.655088856509903
0.2988162362307448,1.5129665841398008,-0.9899471180283487,1.2422526689980353,0.5356406163424416,1.3464253240454116,-0.2555533348865271,-0.22506094878362873,1.1237525879331076,0.2168805382320947,0.5712170107069204,-0.716290453112075,0.8948462678095433,0.620252520374613,0.6738114921774049,0.6659031328245612,0.655088856509903
-0.15594641664560446,0.5678676186768432,-0.5127947198033161,0.8480644787130662,-0.6212057332684183,1.5207181950634172,-0.6774716342345115,-0.5220267323817025,0.7460235042546336,-0.9042144906776631,0.6756811743031536,-1.4393860465946033,1.8352208034420383,0.5674372647189662,0.603731115681212,0.5963558557403195,0.5904492607049198
3.698394967797639,0.02623893062930941,0.7029436964428538,-1.5964880416475373,-3.414092772539825,-2.6070471161191064,-0.16060770957242626,3.1133007876249956,-1.078494017601458,-1.579600914003483,-1.2236213321430853,2.14285951922121,2.4563687986286104e-17,-3.857105879109075,-3.880509025479245,-3.74720981759557,-3.851797698587694
-0.960394514204247,-0.9278996826081916,0.12471998636539715,0.031100437586589088,0.32672301769882706,0.2539065959569373,-0.027082045362093368,-1.2007885357587988,-0.06859490524344665,0.0501658591522104,-0.0037228989006435485,-0.5394202603952121,0.3053148259897477,0.5692843033187668,0.5677753039477532,0.6116392900587023,0.5911573018479926
-0.12211972443158153,-0.01315121778440939,-1.4370391807792287,0.7352950659468829,-0.08964354909400292,0.8575550760680788,-0.10002870519541249,-0.5431526409887566,0.6173853874289705,-0.36957846087630153,0.31478492013222326,-0.6549770738029312,-0.4825840353669543,0.620252520374613,0.6738114921774049,0.6659031328245612,0.655088856509903
-0.32030406173220655,0.7571476226183502,-0.6222105742170486,1.0703672239711532,0.8263242761781961,1.9628269410603096,0.3584203477464232,-0.7017202962896372,0.9520673206014175,0.46685872723178257,0.8826400827909283,-0.5394202603952121,0.3053148259897477,0.620252520374613,0.6738114921774049,0.6659031328245612,0.655088856509903
-0.29957685010393686,0.5678676186768432,-0.5127947198033161,0.6377091944267095,0.8111185408826308,1.112617814143209,-0.05590627099468391,-0.6848637453488817,0.519913164361353,0.45410053408019846,0.449707700396725,-1.2858550725281213,-0.4447514766453081,0.620252520374613,0.6738114921774049,0.6659031328245612,0.655088856509903
0.407028071224401,-0.47354146607412995,1.38095741553453,-1.1306937661135588,-1.1023630297792963,-0.013909279021949404,1.294139115598616e-16,1.6423332753047757,-0.9369065443400423,-0.08715859809557475,0.5668330857808381,1.8611508849459475,2.4563687986286104e-17,-1.7496402333072685,-1.9963241070765112,-1.8931979768198348,-1.9571019370556075
-1.1878842083567216,-1.46348867135675,0.04477085084184229,-1.330085634411844,0.39659069304542166,-1.854707004261615e-16,1.1662281094881508,-0.9556313119679076,-1.4228041272472658,0.3108846680603202,3.8851636343242065e-17,0.6198699828217757,-2.3162295854665698,0.15654236625150778,0.27684342157543584,0.13864690285235648,-1.3010426069826053e-17
1.2748482028990216,0.2217411245002063,1.4022747434440028,-0.23485945261972113,0.013293301669848377,-1.2849719237630148,0.5144511944573072,0.7312092873967143,-0.2620520939707729,-0.05054099877334,-0.8891106649837638,0.2369761098057513,0.6807953942104994,0.15639296141593803,0.08896949647284312,0.14077746049218479,0.12068280577874968
-0.2582800706699403,-0.49388312993730565,0.12471998636539715,0.7998731276856108,1.2630523567426057,-0.22646156075122456,-1.132583152234393,-0.2720853089663669,0.7938910996367718,1.0120855003533333,-0.20731672077214083,-0.4849011022577461,1.8352208034420383,0.20600425490786023,0.20306750545078817,0.1978019400466411,0.17825807745284855
0.4133482887305366,-0.17171292446057435,-0.9899471180283487,1.7301352168484112,0.139249151807914,0.3899400562636734,-0.49965154711139903,-0.2720853089663669,1.551057472011482,-0.21434132309182666,0.024811374158786578,-0.5769410839773065,0.1022523786880913,0.7802634630050301,0.8825884419899562,0.8423701304497334,0.8463793699589536
-0.4668890564769597,-0.2516102061575401,-0.4088519989041232,0.7028639884534899,0.5664192402265267,0.538726653474166,-0.19169097941930174,-0.8227842085194039,0.5849920791506742,0.24397488071037707,0.14233914904376577,0.0157513732433469,-0.4447514766453081,0.620252520374613,0.6738114921774049,0.6659031328245612,0.655088856509903
-1.0053944411755509,-0.8025167471097643,-0.26207894650514163,-0.2168324117135778,0.13140016644556562,0.5514797903779225,-0.027082045362093368,-1.241436244417856,-0.3336332430921816,-0.13156643248659222,0.16094674189759653,-0.27045755686274453,-0.8515978972433137,0.5690540967512625,0.6738114921774049,0.6090128166369732,0.5964067184652526
0.2538315542778091,-0.21160923010986826,-1.3555220170778628,0.3393022685720129,0.2566207439832474,1.1253709510469654,0.2994540053434011,-0.25787914081799734,0.2218537630491651,-0.03599132854403973,0.456387504984771,-0.0990648229643965,-0.5202488214135095,0.620252520374613,0.6738114921774049,0.6659031328245612,0.655088856509903
-0.8048008941202687,-0.49388312993730565,-0.08123265148178148,0.8159596489708152,-0.19313492786910458,1.095613631604867,-0.11498132839725057,-1.1145772652528314,0.6979560285236673,-0.4739615276135935,0.4407917137148045,-1.3155367496552035,0.1425448664307906,0.620252520374613,0.6738114921774049,0.6659031328245612,0.655088856509903
0.9979355858055643,-0.596020985471123,2.128696385793097,-0.4736476973590616,0.36556705514692245,-1.5315325705689742,1.2867936047757975,1.2688082500034699,-0.3156721566488977,0.8484386245130838,-0.8919473783061959,1.581037611027766,2.4563687986286104e-17,-0.8637682602247116,-1.0278691945594305,-0.9782043207126366,-1.0310471285381086
-0.8489571397464984,-1.1181810092851756,0.9804781805636189,-1.1092652503178797,-0.662132619496,-0.5792983484218214,0.5568098969431192,0.4702104935704359,-1.0375791550724816,-0.10190412974995804,-0.13136575379108417,0.8174924284692876,-0.057304753674128135,-1.0042411123659911,-1.2239246871084508,-1.1302698895018215,-1.1744437071736344
1.0038045860815776,0.6248699273873807,1.1307909804848566,0.048514949526812054,0.06062042977300137,-0.7238338999977285,-0.23936851665667325,0.5455230901407114,0.017836507937145866,-0.028737147564219495,-0.5193869822689225,0.3331335140796572,0.022150380768326018,0.20764031804112504,0.1801330880486806,0.19633046688768635,0.17811490259097784
0.7897377827178519,0.9257657288553683,0.4507047121925838,0.22071792382213692,0.5971545440564928,-0.9236330448232472,-1.278339532246471,0.4194052474198596,0.18816710571956438,0.46685872723178257,-0.6491975762016787,-1.0392068031987238,0.9381179764881834,0.20827293339322217,0.2239667925051204,0.18995735729539412,0.17095467871941777
0.7353083744986593,0.5678676186768432,-0.16968945852874195,-0.454965247049726,0.36556705514692245,-0.8598673603044645,-0.7852324913143968,0.3882580310379508,-0.5158365178575091,0.2574505835265282,-0.6064251818178253,-0.5028453486986318,0.42906067458133723,0.2060707505692123,0.24910856366478248,0.19657756471924911,0.16732604094850284
0.5200366819335275,1.1481526845700851,-0.03837708677693062,0.1522485620255487,-0.3534780229927376,0.27941286976445034,0.18842363839279766,-0.06762256787630774,0.03501789914695559,-0.6403144560323286,-0.0013400372654234517,-0.9401488578326339,1.1127311819028853,0.620252520374613,0.6738114921774049,0.6659031328245612,0.655088856509903
-2.384385129113907,-1.3328950969311533,-2.1198090146490998,-0.6060738476553297,0.26442161853247614,1.0998646772394525,0.38150344399483593,-2.1590280220376257,-0.6653692246911999,0.1621105566999655,0.5558620834335605,-0.021339012046713995,0.3053148259897477,0.20466382076025313,0.19566303384413386,0.20181012370285645,0.16964466087622526
1.0330845582846615,0.4915668873188985,-1.2770817173745523,0.555698246844688,-0.09758450893052018,-0.5197837095376243,-0.16060770957242626,0.309944651983587,0.4544324591774622,-0.35376881577578106,-0.4570297188849779,-0.4153109907666502,0.9381179764881834,0.5683824948931396,0.5937594998546539,0.605628635031059,0.5882756425044074
0.0051497623160014295,-0.23159655987128222,-1.1285598880519474,0.4896166171101271,-0.5803766437889868,0.4111952844366009,-0.32183797360789607,-0.3988715066383782,0.38853460350461816,-0.8589502871562308,0.08384503221823701,-0.5769410839773065,-0.33025208467405387,0.5682979652235359,0.5911456440091568,0.5971692538233581,0.5940437228707458
0.07792771702835884,0.8510224637483617,-0.5127947198033161,1.4425179034775018,-0.09758450893052018,1.1423751335853074,0.13687104972372313,-0.3888796145955723,1.3237845936301205,-0.37750779876805085,0.4652843770952248,-0.7585784525552903,-0.096788646563647,0.620252520374613,0.6738114921774049,0.6659031328245612,0.655088856509903
-0.6520955313511675,-0.4329426677754825,-0.5127947198033161,0.11781127616226825,-0.3534780229927376,-0.28172515400083614,-1.661089614245357,-0.9310018548785999,0.017836507937145866,-0.6148966822399774,-0.3143732716473876,-0.7372891883184376,0.6807953942104994,0.570839553160347,0.5730504640526702,0.601394292375229,0.5939878047162137
0.1891285602333952,0.9071092691453505,-0.6791571844281673,1.6549977497553705,-0.20111929265621892,1.609990153389713,0.6287969357247172,-0.3055675975870598,1.536016985995321,-0.48210995470652507,0.7058856310398381,-1.678110036574679,1.5598270296407473,0.620252520374613,0.6738114921774049,0.6659031328245612,0.655088856509903
-0.021478139953352213,1.240022918594826,-0.566782722751703,1.5339691199855738,0.20975319591013503,1.814040343849817,-0.5185000774661658,-0.46482497469665285,1.4151293061015056,-0.07980704549970005,0.8085766333673742,-1.3457172805114128,0.47062490668102347,0.620252520374613,0.6738114921774049,0.6659031328245612,0.655088856509903
-0.04150670153651909,-0.39245545745698296,0.08512981314306974,-1.703728663127204,-3.565293006388094,-1.369992836454725,1.294139115598616e-16,2.4747288427710514,-1.5625963033568648,-3.570742700066267,0.1586236751920073,2.0405577657122924,-1.8523697320052883,-3.1437792830082594,-3.253454738550423,-3.1865674997747737,-3.2756585021366504
1.1260593158846413,-0.3722532851515365,1.4022747434440028,-0.6637766218335984,1.0983381689975613,-1.1234321896487658,1.840199842046569,1.3530949779452492,-0.5343332516909646,1.503944717395869,-0.5587580440890789,1.5237353869291446,2.4563687986286104e-17,-0.911930154695973,-1.0543912807999944,-1.0292464272502477,-1.0795561860787342
-5.953045921946001,-3.8389649456519863,0.7614946457927652,-1.4713594021261924,-2.5433282644512434,1.6652537466393245,1.294139115598616e-16,3.1343010727039204,1.0303946363962768,4.627465819963595,13.137982431928119,2.0068396997608224,2.4563687986286104e-17,-4.535233630698139,-4.32704603619207,-4.170985358839749,-4.285845014324158
-1.5252310263466384,-1.6176203014856942,-1.6103412887496744,0.048514949526812054,-0.02623329896179414,0.6152454748967051,-0.5185000774661658,-1.4313747685290537,6.20718927941257e-4,-0.1614600225693745,0.260079253181303,-0.5769410839773065,-0.057304753674128135,0.30960772783233587,0.2729163018866286,0.30848725556663315,0.2921804642019894
-0.8048008941202687,-1.0121348008431885,-1.6103412887496744,0.555698246844688,1.5228588817202011,0.26240868722610833,-0.4084337370031776,-1.1145772652528314,0.43799772668399456,1.0176057799305582,-0.010876989901750867,-0.1819219895607068,0.34640523182557176,0.620252520374613,0.6738114921774049,0.6659031328245612,0.655088856509903
-0.5447347868342325,0.45328708145929464,-0.6222105742170486,0.1694159568703501,-0.25710548925331633,1.1083667685086234,0.9966888618103564,-0.8884141573726253,0.0521653008531178,-0.5396390824563417,0.44747973203777536,-0.8927815036307623,-1.2715189161902662,0.620252520374613,0.6738114921774049,0.6659031328245612,0.655088856509903
-0.3410841489353643,0.5868894782058381,-0.6791571844281673,0.5061774517744796,0.36556705514692245,0.6152454748967051,1.2498480023931868,-0.7186845563190596,0.38853460350461816,0.06433901209250899,0.18413252755483525,-0.24027777677800677,-0.13610949448973395,0.620252520374613,0.6738114921774049,0.6659031328245612,0.655088856509903
-0.25141760400693375,1.853250131592937,-0.7979564464327044,1.3041924683761805,-0.6048624402738442,1.5674796970438578,-0.44433538613073886,-0.6459455710379877,1.1856202522548016,-0.9133318160304464,0.684322942150544,-0.7372891883184376,0.1022523786880913,0.620252520374613,0.6738114921774049,0.6659031328245612,0.655088856509903
